PARAMETER,YEAR,Month_Name,Value,Month,Days_In_Month,Unit,Physical_Meaning
ALLSKY_SFC_SW_DWN,1981,JAN,,1,31,MJ/m^2/day,All-sky surface shortwave downward irradiance
PRECTOTCORR,1981,JAN,0.26,1,31,mm/day,Corrected precipitation
RH2M,1981,JAN,68.17,1,31,%,Relative humidity at 2 m
T2M,1981,JAN,24.16,1,31,C,Temperature at 2 m
T2M_MAX,1981,JAN,33.73,1,31,C,Temperature at 2 m maximum
T2M_MIN,1981,JAN,17.03,1,31,C,Temperature at 2 m minimum
WS10M,1981,JAN,2.0,1,31,m/s,Wind speed at 10 m
ALLSKY_SFC_SW_DWN,1981,FEB,,2,28,MJ/m^2/day,All-sky surface shortwave downward irradiance
PRECTOTCORR,1981,FEB,0.11,2,28,mm/day,Corrected precipitation
RH2M,1981,FEB,54.4,2,28,%,Relative humidity at 2 m
T2M,1981,FEB,26.22,2,28,C,Temperature at 2 m
T2M_MAX,1981,FEB,37.2,2,28,C,Temperature at 2 m maximum
T2M_MIN,1981,FEB,17.04,2,28,C,Temperature at 2 m minimum
WS10M,1981,FEB,1.84,2,28,m/s,Wind speed at 10 m
ALLSKY_SFC_SW_DWN,1981,MAR,,3,31,MJ/m^2/day,All-sky surface shortwave downward irradiance
PRECTOTCORR,1981,MAR,0.88,3,31,mm/day,Corrected precipitation
RH2M,1981,MAR,58.04,3,31,%,Relative humidity at 2 m
T2M,1981,MAR,28.12,3,31,C,Temperature at 2 m
T2M_MAX,1981,MAR,37.14,3,31,C,Temperature at 2 m maximum
T2M_MIN,1981,MAR,19.85,3,31,C,Temperature at 2 m minimum
WS10M,1981,MAR,1.94,3,31,m/s,Wind speed at 10 m
ALLSKY_SFC_SW_DWN,1981,APR,,4,30,MJ/m^2/day,All-sky surface shortwave downward irradiance
PRECTOTCORR,1981,APR,1.91,4,30,mm/day,Corrected precipitation
RH2M,1981,APR,68.45,4,30,%,Relative humidity at 2 m
T2M,1981,APR,28.33,4,30,C,Temperature at 2 m
T2M_MAX,1981,APR,38.73,4,30,C,Temperature at 2 m maximum
T2M_MIN,1981,APR,22.55,4,30,C,Temperature at 2 m minimum
WS10M,1981,APR,2.15,4,30,m/s,Wind speed at 10 m
ALLSKY_SFC_SW_DWN,1981,MAY,,5,31,MJ/m^2/day,All-sky surface shortwave downward irradiance
PRECTOTCORR,1981,MAY,5.0,5,31,mm/day,Corrected precipitation
RH2M,1981,MAY,78.14,5,31,%,Relative humidity at 2 m
T2M,1981,MAY,26.55,5,31,C,Temperature at 2 m
T2M_MAX,1981,MAY,34.15,5,31,C,Temperature at 2 m maximum
T2M_MIN,1981,MAY,21.97,5,31,C,Temperature at 2 m minimum
WS10M,1981,MAY,2.66,5,31,m/s,Wind speed at 10 m
ALLSKY_SFC_SW_DWN,1981,JUN,,6,30,MJ/m^2/day,All-sky surface shortwave downward irradiance
PRECTOTCORR,1981,JUN,24.48,6,30,mm/day,Corrected precipitation
RH2M,1981,JUN,89.73,6,30,%,Relative humidity at 2 m
T2M,1981,JUN,23.95,6,30,C,Temperature at 2 m
T2M_MAX,1981,JUN,27.85,6,30,C,Temperature at 2 m maximum
T2M_MIN,1981,JUN,20.17,6,30,C,Temperature at 2 m minimum
WS10M,1981,JUN,3.69,6,30,m/s,Wind speed at 10 m
ALLSKY_SFC_SW_DWN,1981,JUL,,7,31,MJ/m^2/day,All-sky surface shortwave downward irradiance
PRECTOTCORR,1981,JUL,13.92,7,31,mm/day,Corrected precipitation
RH2M,1981,JUL,92.21,7,31,%,Relative humidity at 2 m
T2M,1981,JUL,23.74,7,31,C,Temperature at 2 m
T2M_MAX,1981,JUL,27.44,7,31,C,Temperature at 2 m maximum
T2M_MIN,1981,JUL,21.24,7,31,C,Temperature at 2 m minimum
WS10M,1981,JUL,3.37,7,31,m/s,Wind speed at 10 m
ALLSKY_SFC_SW_DWN,1981,AUG,,8,31,MJ/m^2/day,All-sky surface shortwave downward irradiance
PRECTOTCORR,1981,AUG,13.72,8,31,mm/day,Corrected precipitation
RH2M,1981,AUG,91.63,8,31,%,Relative humidity at 2 m
T2M,1981,AUG,23.53,8,31,C,Temperature at 2 m
T2M_MAX,1981,AUG,27.11,8,31,C,Temperature at 2 m maximum
T2M_MIN,1981,AUG,20.74,8,31,C,Temperature at 2 m minimum
WS10M,1981,AUG,3.28,8,31,m/s,Wind speed at 10 m
ALLSKY_SFC_SW_DWN,1981,SEP,,9,30,MJ/m^2/day,All-sky surface shortwave downward irradiance
PRECTOTCORR,1981,SEP,9.66,9,30,mm/day,Corrected precipitation
RH2M,1981,SEP,91.63,9,30,%,Relative humidity at 2 m
T2M,1981,SEP,23.65,9,30,C,Temperature at 2 m
T2M_MAX,1981,SEP,27.97,9,30,C,Temperature at 2 m maximum
T2M_MIN,1981,SEP,21.02,9,30,C,Temperature at 2 m minimum
WS10M,1981,SEP,2.41,9,30,m/s,Wind speed at 10 m
ALLSKY_SFC_SW_DWN,1981,OCT,,10,31,MJ/m^2/day,All-sky surface shortwave downward irradiance
PRECTOTCORR,1981,OCT,7.9,10,31,mm/day,Corrected precipitation
RH2M,1981,OCT,88.77,10,31,%,Relative humidity at 2 m
T2M,1981,OCT,23.7,10,31,C,Temperature at 2 m
T2M_MAX,1981,OCT,28.56,10,31,C,Temperature at 2 m maximum
T2M_MIN,1981,OCT,19.02,10,31,C,Temperature at 2 m minimum
WS10M,1981,OCT,1.8,10,31,m/s,Wind speed at 10 m
ALLSKY_SFC_SW_DWN,1981,NOV,,11,30,MJ/m^2/day,All-sky surface shortwave downward irradiance
PRECTOTCORR,1981,NOV,3.75,11,30,mm/day,Corrected precipitation
RH2M,1981,NOV,84.33,11,30,%,Relative humidity at 2 m
T2M,1981,NOV,23.41,11,30,C,Temperature at 2 m
T2M_MAX,1981,NOV,28.18,11,30,C,Temperature at 2 m maximum
T2M_MIN,1981,NOV,17.09,11,30,C,Temperature at 2 m minimum
WS10M,1981,NOV,1.57,11,30,m/s,Wind speed at 10 m
ALLSKY_SFC_SW_DWN,1981,DEC,,12,31,MJ/m^2/day,All-sky surface shortwave downward irradiance
PRECTOTCORR,1981,DEC,0.99,12,31,mm/day,Corrected precipitation
RH2M,1981,DEC,78.27,12,31,%,Relative humidity at 2 m
T2M,1981,DEC,22.81,12,31,C,Temperature at 2 m
T2M_MAX,1981,DEC,28.92,12,31,C,Temperature at 2 m maximum
T2M_MIN,1981,DEC,15.17,12,31,C,Temperature at 2 m minimum
WS10M,1981,DEC,2.26,12,31,m/s,Wind speed at 10 m
ALLSKY_SFC_SW_DWN,1982,JAN,,1,31,MJ/m^2/day,All-sky surface shortwave downward irradiance
PRECTOTCORR,1982,JAN,0.0,1,31,mm/day,Corrected precipitation
RH2M,1982,JAN,66.0,1,31,%,Relative humidity at 2 m
T2M,1982,JAN,23.63,1,31,C,Temperature at 2 m
T2M_MAX,1982,JAN,33.26,1,31,C,Temperature at 2 m maximum
T2M_MIN,1982,JAN,16.39,1,31,C,Temperature at 2 m minimum
WS10M,1982,JAN,2.16,1,31,m/s,Wind speed at 10 m
ALLSKY_SFC_SW_DWN,1982,FEB,,2,28,MJ/m^2/day,All-sky surface shortwave downward irradiance
PRECTOTCORR,1982,FEB,0.0,2,28,mm/day,Corrected precipitation
RH2M,1982,FEB,56.41,2,28,%,Relative humidity at 2 m
T2M,1982,FEB,26.31,2,28,C,Temperature at 2 m
T2M_MAX,1982,FEB,36.66,2,28,C,Temperature at 2 m maximum
T2M_MIN,1982,FEB,17.68,2,28,C,Temperature at 2 m minimum
WS10M,1982,FEB,1.71,2,28,m/s,Wind speed at 10 m
ALLSKY_SFC_SW_DWN,1982,MAR,,3,31,MJ/m^2/day,All-sky surface shortwave downward irradiance
PRECTOTCORR,1982,MAR,0.8,3,31,mm/day,Corrected precipitation
RH2M,1982,MAR,58.14,3,31,%,Relative humidity at 2 m
T2M,1982,MAR,28.09,3,31,C,Temperature at 2 m
T2M_MAX,1982,MAR,37.38,3,31,C,Temperature at 2 m maximum
T2M_MIN,1982,MAR,20.28,3,31,C,Temperature at 2 m minimum
WS10M,1982,MAR,1.96,3,31,m/s,Wind speed at 10 m
ALLSKY_SFC_SW_DWN,1982,APR,,4,30,MJ/m^2/day,All-sky surface shortwave downward irradiance
PRECTOTCORR,1982,APR,2.12,4,30,mm/day,Corrected precipitation
RH2M,1982,APR,70.03,4,30,%,Relative humidity at 2 m
T2M,1982,APR,27.72,4,30,C,Temperature at 2 m
T2M_MAX,1982,APR,37.26,4,30,C,Temperature at 2 m maximum
T2M_MIN,1982,APR,23.03,4,30,C,Temperature at 2 m minimum
WS10M,1982,APR,2.17,4,30,m/s,Wind speed at 10 m
ALLSKY_SFC_SW_DWN,1982,MAY,,5,31,MJ/m^2/day,All-sky surface shortwave downward irradiance
PRECTOTCORR,1982,MAY,4.47,5,31,mm/day,Corrected precipitation
RH2M,1982,MAY,79.28,5,31,%,Relative humidity at 2 m
T2M,1982,MAY,26.43,5,31,C,Temperature at 2 m
T2M_MAX,1982,MAY,34.05,5,31,C,Temperature at 2 m maximum
T2M_MIN,1982,MAY,22.5,5,31,C,Temperature at 2 m minimum
WS10M,1982,MAY,2.19,5,31,m/s,Wind speed at 10 m
ALLSKY_SFC_SW_DWN,1982,JUN,,6,30,MJ/m^2/day,All-sky surface shortwave downward irradiance
PRECTOTCORR,1982,JUN,20.62,6,30,mm/day,Corrected precipitation
RH2M,1982,JUN,88.06,6,30,%,Relative humidity at 2 m
T2M,1982,JUN,24.21,6,30,C,Temperature at 2 m
T2M_MAX,1982,JUN,29.0,6,30,C,Temperature at 2 m maximum
T2M_MIN,1982,JUN,21.25,6,30,C,Temperature at 2 m minimum
WS10M,1982,JUN,3.37,6,30,m/s,Wind speed at 10 m
ALLSKY_SFC_SW_DWN,1982,JUL,,7,31,MJ/m^2/day,All-sky surface shortwave downward irradiance
PRECTOTCORR,1982,JUL,15.26,7,31,mm/day,Corrected precipitation
RH2M,1982,JUL,90.78,7,31,%,Relative humidity at 2 m
T2M,1982,JUL,23.52,7,31,C,Temperature at 2 m
T2M_MAX,1982,JUL,27.62,7,31,C,Temperature at 2 m maximum
T2M_MIN,1982,JUL,20.4,7,31,C,Temperature at 2 m minimum
WS10M,1982,JUL,3.13,7,31,m/s,Wind speed at 10 m
ALLSKY_SFC_SW_DWN,1982,AUG,,8,31,MJ/m^2/day,All-sky surface shortwave downward irradiance
PRECTOTCORR,1982,AUG,13.68,8,31,mm/day,Corrected precipitation
RH2M,1982,AUG,92.08,8,31,%,Relative humidity at 2 m
T2M,1982,AUG,23.25,8,31,C,Temperature at 2 m
T2M_MAX,1982,AUG,27.31,8,31,C,Temperature at 2 m maximum
T2M_MIN,1982,AUG,20.7,8,31,C,Temperature at 2 m minimum
WS10M,1982,AUG,3.13,8,31,m/s,Wind speed at 10 m
ALLSKY_SFC_SW_DWN,1982,SEP,,9,30,MJ/m^2/day,All-sky surface shortwave downward irradiance
PRECTOTCORR,1982,SEP,2.43,9,30,mm/day,Corrected precipitation
RH2M,1982,SEP,88.26,9,30,%,Relative humidity at 2 m
T2M,1982,SEP,23.59,9,30,C,Temperature at 2 m
T2M_MAX,1982,SEP,28.36,9,30,C,Temperature at 2 m maximum
T2M_MIN,1982,SEP,20.44,9,30,C,Temperature at 2 m minimum
WS10M,1982,SEP,2.35,9,30,m/s,Wind speed at 10 m
ALLSKY_SFC_SW_DWN,1982,OCT,,10,31,MJ/m^2/day,All-sky surface shortwave downward irradiance
PRECTOTCORR,1982,OCT,3.36,10,31,mm/day,Corrected precipitation
RH2M,1982,OCT,84.9,10,31,%,Relative humidity at 2 m
T2M,1982,OCT,24.18,10,31,C,Temperature at 2 m
T2M_MAX,1982,OCT,30.32,10,31,C,Temperature at 2 m maximum
T2M_MIN,1982,OCT,19.81,10,31,C,Temperature at 2 m minimum
WS10M,1982,OCT,1.43,10,31,m/s,Wind speed at 10 m
ALLSKY_SFC_SW_DWN,1982,NOV,,11,30,MJ/m^2/day,All-sky surface shortwave downward irradiance
PRECTOTCORR,1982,NOV,2.58,11,30,mm/day,Corrected precipitation
RH2M,1982,NOV,80.25,11,30,%,Relative humidity at 2 m
T2M,1982,NOV,24.51,11,30,C,Temperature at 2 m
T2M_MAX,1982,NOV,30.82,11,30,C,Temperature at 2 m maximum
T2M_MIN,1982,NOV,19.53,11,30,C,Temperature at 2 m minimum
WS10M,1982,NOV,1.85,11,30,m/s,Wind speed at 10 m
ALLSKY_SFC_SW_DWN,1982,DEC,,12,31,MJ/m^2/day,All-sky surface shortwave downward irradiance
PRECTOTCORR,1982,DEC,0.15,12,31,mm/day,Corrected precipitation
RH2M,1982,DEC,64.96,12,31,%,Relative humidity at 2 m
T2M,1982,DEC,24.44,12,31,C,Temperature at 2 m
T2M_MAX,1982,DEC,32.71,12,31,C,Temperature at 2 m maximum
T2M_MIN,1982,DEC,17.52,12,31,C,Temperature at 2 m minimum
WS10M,1982,DEC,2.7,12,31,m/s,Wind speed at 10 m
ALLSKY_SFC_SW_DWN,1983,JAN,,1,31,MJ/m^2/day,All-sky surface shortwave downward irradiance
PRECTOTCORR,1983,JAN,0.0,1,31,mm/day,Corrected precipitation
RH2M,1983,JAN,53.68,1,31,%,Relative humidity at 2 m
T2M,1983,JAN,25.21,1,31,C,Temperature at 2 m
T2M_MAX,1983,JAN,35.4,1,31,C,Temperature at 2 m maximum
T2M_MIN,1983,JAN,16.64,1,31,C,Temperature at 2 m minimum
WS10M,1983,JAN,2.19,1,31,m/s,Wind speed at 10 m
ALLSKY_SFC_SW_DWN,1983,FEB,,2,28,MJ/m^2/day,All-sky surface shortwave downward irradiance
PRECTOTCORR,1983,FEB,0.0,2,28,mm/day,Corrected precipitation
RH2M,1983,FEB,57.59,2,28,%,Relative humidity at 2 m
T2M,1983,FEB,26.9,2,28,C,Temperature at 2 m
T2M_MAX,1983,FEB,36.8,2,28,C,Temperature at 2 m maximum
T2M_MIN,1983,FEB,19.03,2,28,C,Temperature at 2 m minimum
WS10M,1983,FEB,2.24,2,28,m/s,Wind speed at 10 m
ALLSKY_SFC_SW_DWN,1983,MAR,,3,31,MJ/m^2/day,All-sky surface shortwave downward irradiance
PRECTOTCORR,1983,MAR,0.0,3,31,mm/day,Corrected precipitation
RH2M,1983,MAR,56.58,3,31,%,Relative humidity at 2 m
T2M,1983,MAR,28.35,3,31,C,Temperature at 2 m
T2M_MAX,1983,MAR,38.59,3,31,C,Temperature at 2 m maximum
T2M_MIN,1983,MAR,20.9,3,31,C,Temperature at 2 m minimum
WS10M,1983,MAR,2.16,3,31,m/s,Wind speed at 10 m
ALLSKY_SFC_SW_DWN,1983,APR,,4,30,MJ/m^2/day,All-sky surface shortwave downward irradiance
PRECTOTCORR,1983,APR,0.06,4,30,mm/day,Corrected precipitation
RH2M,1983,APR,60.53,4,30,%,Relative humidity at 2 m
T2M,1983,APR,29.15,4,30,C,Temperature at 2 m
T2M_MAX,1983,APR,38.21,4,30,C,Temperature at 2 m maximum
T2M_MIN,1983,APR,22.05,4,30,C,Temperature at 2 m minimum
WS10M,1983,APR,2.6,4,30,m/s,Wind speed at 10 m
ALLSKY_SFC_SW_DWN,1983,MAY,,5,31,MJ/m^2/day,All-sky surface shortwave downward irradiance
PRECTOTCORR,1983,MAY,0.56,5,31,mm/day,Corrected precipitation
RH2M,1983,MAY,70.96,5,31,%,Relative humidity at 2 m
T2M,1983,MAY,27.84,5,31,C,Temperature at 2 m
T2M_MAX,1983,MAY,37.18,5,31,C,Temperature at 2 m maximum
T2M_MIN,1983,MAY,23.07,5,31,C,Temperature at 2 m minimum
WS10M,1983,MAY,2.72,5,31,m/s,Wind speed at 10 m
ALLSKY_SFC_SW_DWN,1983,JUN,,6,30,MJ/m^2/day,All-sky surface shortwave downward irradiance
PRECTOTCORR,1983,JUN,9.98,6,30,mm/day,Corrected precipitation
RH2M,1983,JUN,83.29,6,30,%,Relative humidity at 2 m
T2M,1983,JUN,25.39,6,30,C,Temperature at 2 m
T2M_MAX,1983,JUN,33.64,6,30,C,Temperature at 2 m maximum
T2M_MIN,1983,JUN,21.59,6,30,C,Temperature at 2 m minimum
WS10M,1983,JUN,3.32,6,30,m/s,Wind speed at 10 m
ALLSKY_SFC_SW_DWN,1983,JUL,,7,31,MJ/m^2/day,All-sky surface shortwave downward irradiance
PRECTOTCORR,1983,JUL,12.74,7,31,mm/day,Corrected precipitation
RH2M,1983,JUL,88.42,7,31,%,Relative humidity at 2 m
T2M,1983,JUL,23.83,7,31,C,Temperature at 2 m
T2M_MAX,1983,JUL,29.39,7,31,C,Temperature at 2 m maximum
T2M_MIN,1983,JUL,20.09,7,31,C,Temperature at 2 m minimum
WS10M,1983,JUL,3.24,7,31,m/s,Wind speed at 10 m
ALLSKY_SFC_SW_DWN,1983,AUG,,8,31,MJ/m^2/day,All-sky surface shortwave downward irradiance
PRECTOTCORR,1983,AUG,10.75,8,31,mm/day,Corrected precipitation
RH2M,1983,AUG,91.57,8,31,%,Relative humidity at 2 m
T2M,1983,AUG,23.38,8,31,C,Temperature at 2 m
T2M_MAX,1983,AUG,27.39,8,31,C,Temperature at 2 m maximum
T2M_MIN,1983,AUG,20.16,8,31,C,Temperature at 2 m minimum
WS10M,1983,AUG,2.97,8,31,m/s,Wind speed at 10 m
ALLSKY_SFC_SW_DWN,1983,SEP,,9,30,MJ/m^2/day,All-sky surface shortwave downward irradiance
PRECTOTCORR,1983,SEP,9.55,9,30,mm/day,Corrected precipitation
RH2M,1983,SEP,91.02,9,30,%,Relative humidity at 2 m
T2M,1983,SEP,23.1,9,30,C,Temperature at 2 m
T2M_MAX,1983,SEP,27.29,9,30,C,Temperature at 2 m maximum
T2M_MIN,1983,SEP,19.48,9,30,C,Temperature at 2 m minimum
WS10M,1983,SEP,2.75,9,30,m/s,Wind speed at 10 m
ALLSKY_SFC_SW_DWN,1983,OCT,,10,31,MJ/m^2/day,All-sky surface shortwave downward irradiance
PRECTOTCORR,1983,OCT,3.76,10,31,mm/day,Corrected precipitation
RH2M,1983,OCT,87.15,10,31,%,Relative humidity at 2 m
T2M,1983,OCT,23.81,10,31,C,Temperature at 2 m
T2M_MAX,1983,OCT,28.82,10,31,C,Temperature at 2 m maximum
T2M_MIN,1983,OCT,19.06,10,31,C,Temperature at 2 m minimum
WS10M,1983,OCT,1.77,10,31,m/s,Wind speed at 10 m
ALLSKY_SFC_SW_DWN,1983,NOV,,11,30,MJ/m^2/day,All-sky surface shortwave downward irradiance
PRECTOTCORR,1983,NOV,2.47,11,30,mm/day,Corrected precipitation
RH2M,1983,NOV,82.75,11,30,%,Relative humidity at 2 m
T2M,1983,NOV,23.61,11,30,C,Temperature at 2 m
T2M_MAX,1983,NOV,29.06,11,30,C,Temperature at 2 m maximum
T2M_MIN,1983,NOV,17.91,11,30,C,Temperature at 2 m minimum
WS10M,1983,NOV,1.73,11,30,m/s,Wind speed at 10 m
ALLSKY_SFC_SW_DWN,1983,DEC,,12,31,MJ/m^2/day,All-sky surface shortwave downward irradiance
PRECTOTCORR,1983,DEC,1.88,12,31,mm/day,Corrected precipitation
RH2M,1983,DEC,77.98,12,31,%,Relative humidity at 2 m
T2M,1983,DEC,24.05,12,31,C,Temperature at 2 m
T2M_MAX,1983,DEC,30.76,12,31,C,Temperature at 2 m maximum
T2M_MIN,1983,DEC,18.2,12,31,C,Temperature at 2 m minimum
WS10M,1983,DEC,2.23,12,31,m/s,Wind speed at 10 m
ALLSKY_SFC_SW_DWN,1984,JAN,18.03,1,31,MJ/m^2/day,All-sky surface shortwave downward irradiance
PRECTOTCORR,1984,JAN,1.0,1,31,mm/day,Corrected precipitation
RH2M,1984,JAN,71.36,1,31,%,Relative humidity at 2 m
T2M,1984,JAN,24.62,1,31,C,Temperature at 2 m
T2M_MAX,1984,JAN,32.42,1,31,C,Temperature at 2 m maximum
T2M_MIN,1984,JAN,18.88,1,31,C,Temperature at 2 m minimum
WS10M,1984,JAN,2.01,1,31,m/s,Wind speed at 10 m
ALLSKY_SFC_SW_DWN,1984,FEB,18.75,2,29,MJ/m^2/day,All-sky surface shortwave downward irradiance
PRECTOTCORR,1984,FEB,1.14,2,29,mm/day,Corrected precipitation
RH2M,1984,FEB,68.16,2,29,%,Relative humidity at 2 m
T2M,1984,FEB,25.7,2,29,C,Temperature at 2 m
T2M_MAX,1984,FEB,34.16,2,29,C,Temperature at 2 m maximum
T2M_MIN,1984,FEB,18.67,2,29,C,Temperature at 2 m minimum
WS10M,1984,FEB,2.1,2,29,m/s,Wind speed at 10 m
ALLSKY_SFC_SW_DWN,1984,MAR,20.53,3,31,MJ/m^2/day,All-sky surface shortwave downward irradiance
PRECTOTCORR,1984,MAR,1.56,3,31,mm/day,Corrected precipitation
RH2M,1984,MAR,66.52,3,31,%,Relative humidity at 2 m
T2M,1984,MAR,26.67,3,31,C,Temperature at 2 m
T2M_MAX,1984,MAR,36.3,3,31,C,Temperature at 2 m maximum
T2M_MIN,1984,MAR,19.71,3,31,C,Temperature at 2 m minimum
WS10M,1984,MAR,1.79,3,31,m/s,Wind speed at 10 m
ALLSKY_SFC_SW_DWN,1984,APR,21.72,4,30,MJ/m^2/day,All-sky surface shortwave downward irradiance
PRECTOTCORR,1984,APR,6.82,4,30,mm/day,Corrected precipitation
RH2M,1984,APR,78.99,4,30,%,Relative humidity at 2 m
T2M,1984,APR,26.4,4,30,C,Temperature at 2 m
T2M_MAX,1984,APR,33.08,4,30,C,Temperature at 2 m maximum
T2M_MIN,1984,APR,22.09,4,30,C,Temperature at 2 m minimum
WS10M,1984,APR,1.97,4,30,m/s,Wind speed at 10 m
ALLSKY_SFC_SW_DWN,1984,MAY,21.5,5,31,MJ/m^2/day,All-sky surface shortwave downward irradiance
PRECTOTCORR,1984,MAY,1.64,5,31,mm/day,Corrected precipitation
RH2M,1984,MAY,78.67,5,31,%,Relative humidity at 2 m
T2M,1984,MAY,26.61,5,31,C,Temperature at 2 m
T2M_MAX,1984,MAY,34.61,5,31,C,Temperature at 2 m maximum
T2M_MIN,1984,MAY,22.12,5,31,C,Temperature at 2 m minimum
WS10M,1984,MAY,2.76,5,31,m/s,Wind speed at 10 m
ALLSKY_SFC_SW_DWN,1984,JUN,15.22,6,30,MJ/m^2/day,All-sky surface shortwave downward irradiance
PRECTOTCORR,1984,JUN,12.85,6,30,mm/day,Corrected precipitation
RH2M,1984,JUN,89.3,6,30,%,Relative humidity at 2 m
T2M,1984,JUN,23.85,6,30,C,Temperature at 2 m
T2M_MAX,1984,JUN,27.69,6,30,C,Temperature at 2 m maximum
T2M_MIN,1984,JUN,20.35,6,30,C,Temperature at 2 m minimum
WS10M,1984,JUN,3.57,6,30,m/s,Wind speed at 10 m
ALLSKY_SFC_SW_DWN,1984,JUL,15.08,7,31,MJ/m^2/day,All-sky surface shortwave downward irradiance
PRECTOTCORR,1984,JUL,12.71,7,31,mm/day,Corrected precipitation
RH2M,1984,JUL,90.84,7,31,%,Relative humidity at 2 m
T2M,1984,JUL,23.12,7,31,C,Temperature at 2 m
T2M_MAX,1984,JUL,26.43,7,31,C,Temperature at 2 m maximum
T2M_MIN,1984,JUL,19.87,7,31,C,Temperature at 2 m minimum
WS10M,1984,JUL,3.46,7,31,m/s,Wind speed at 10 m
ALLSKY_SFC_SW_DWN,1984,AUG,18.06,8,31,MJ/m^2/day,All-sky surface shortwave downward irradiance
PRECTOTCORR,1984,AUG,6.17,8,31,mm/day,Corrected precipitation
RH2M,1984,AUG,90.13,8,31,%,Relative humidity at 2 m
T2M,1984,AUG,23.27,8,31,C,Temperature at 2 m
T2M_MAX,1984,AUG,27.34,8,31,C,Temperature at 2 m maximum
T2M_MIN,1984,AUG,20.47,8,31,C,Temperature at 2 m minimum
WS10M,1984,AUG,3.31,8,31,m/s,Wind speed at 10 m
ALLSKY_SFC_SW_DWN,1984,SEP,18.98,9,30,MJ/m^2/day,All-sky surface shortwave downward irradiance
PRECTOTCORR,1984,SEP,3.4,9,30,mm/day,Corrected precipitation
RH2M,1984,SEP,88.85,9,30,%,Relative humidity at 2 m
T2M,1984,SEP,23.47,9,30,C,Temperature at 2 m
T2M_MAX,1984,SEP,28.94,9,30,C,Temperature at 2 m maximum
T2M_MIN,1984,SEP,19.63,9,30,C,Temperature at 2 m minimum
WS10M,1984,SEP,2.41,9,30,m/s,Wind speed at 10 m
ALLSKY_SFC_SW_DWN,1984,OCT,18.16,10,31,MJ/m^2/day,All-sky surface shortwave downward irradiance
PRECTOTCORR,1984,OCT,9.25,10,31,mm/day,Corrected precipitation
RH2M,1984,OCT,87.5,10,31,%,Relative humidity at 2 m
T2M,1984,OCT,23.19,10,31,C,Temperature at 2 m
T2M_MAX,1984,OCT,28.89,10,31,C,Temperature at 2 m maximum
T2M_MIN,1984,OCT,16.89,10,31,C,Temperature at 2 m minimum
WS10M,1984,OCT,2.07,10,31,m/s,Wind speed at 10 m
ALLSKY_SFC_SW_DWN,1984,NOV,18.67,11,30,MJ/m^2/day,All-sky surface shortwave downward irradiance
PRECTOTCORR,1984,NOV,1.91,11,30,mm/day,Corrected precipitation
RH2M,1984,NOV,81.78,11,30,%,Relative humidity at 2 m
T2M,1984,NOV,23.86,11,30,C,Temperature at 2 m
T2M_MAX,1984,NOV,29.26,11,30,C,Temperature at 2 m maximum
T2M_MIN,1984,NOV,18.71,11,30,C,Temperature at 2 m minimum
WS10M,1984,NOV,1.56,11,30,m/s,Wind speed at 10 m
ALLSKY_SFC_SW_DWN,1984,DEC,18.77,12,31,MJ/m^2/day,All-sky surface shortwave downward irradiance
PRECTOTCORR,1984,DEC,1.85,12,31,mm/day,Corrected precipitation
RH2M,1984,DEC,69.45,12,31,%,Relative humidity at 2 m
T2M,1984,DEC,23.45,12,31,C,Temperature at 2 m
T2M_MAX,1984,DEC,33.02,12,31,C,Temperature at 2 m maximum
T2M_MIN,1984,DEC,15.62,12,31,C,Temperature at 2 m minimum
WS10M,1984,DEC,1.86,12,31,m/s,Wind speed at 10 m
ALLSKY_SFC_SW_DWN,1985,JAN,19.74,1,31,MJ/m^2/day,All-sky surface shortwave downward irradiance
PRECTOTCORR,1985,JAN,2.34,1,31,mm/day,Corrected precipitation
RH2M,1985,JAN,70.3,1,31,%,Relative humidity at 2 m
T2M,1985,JAN,23.91,1,31,C,Temperature at 2 m
T2M_MAX,1985,JAN,32.94,1,31,C,Temperature at 2 m maximum
T2M_MIN,1985,JAN,16.61,1,31,C,Temperature at 2 m minimum
WS10M,1985,JAN,2.06,1,31,m/s,Wind speed at 10 m
ALLSKY_SFC_SW_DWN,1985,FEB,21.72,2,28,MJ/m^2/day,All-sky surface shortwave downward irradiance
PRECTOTCORR,1985,FEB,0.11,2,28,mm/day,Corrected precipitation
RH2M,1985,FEB,63.4,2,28,%,Relative humidity at 2 m
T2M,1985,FEB,26.43,2,28,C,Temperature at 2 m
T2M_MAX,1985,FEB,36.72,2,28,C,Temperature at 2 m maximum
T2M_MIN,1985,FEB,18.12,2,28,C,Temperature at 2 m minimum
WS10M,1985,FEB,1.88,2,28,m/s,Wind speed at 10 m
ALLSKY_SFC_SW_DWN,1985,MAR,22.91,3,31,MJ/m^2/day,All-sky surface shortwave downward irradiance
PRECTOTCORR,1985,MAR,0.59,3,31,mm/day,Corrected precipitation
RH2M,1985,MAR,61.83,3,31,%,Relative humidity at 2 m
T2M,1985,MAR,27.94,3,31,C,Temperature at 2 m
T2M_MAX,1985,MAR,37.67,3,31,C,Temperature at 2 m maximum
T2M_MIN,1985,MAR,19.53,3,31,C,Temperature at 2 m minimum
WS10M,1985,MAR,2.03,3,31,m/s,Wind speed at 10 m
ALLSKY_SFC_SW_DWN,1985,APR,22.75,4,30,MJ/m^2/day,All-sky surface shortwave downward irradiance
PRECTOTCORR,1985,APR,1.27,4,30,mm/day,Corrected precipitation
RH2M,1985,APR,73.55,4,30,%,Relative humidity at 2 m
T2M,1985,APR,27.18,4,30,C,Temperature at 2 m
T2M_MAX,1985,APR,35.84,4,30,C,Temperature at 2 m maximum
T2M_MIN,1985,APR,22.51,4,30,C,Temperature at 2 m minimum
WS10M,1985,APR,2.37,4,30,m/s,Wind speed at 10 m
ALLSKY_SFC_SW_DWN,1985,MAY,19.73,5,31,MJ/m^2/day,All-sky surface shortwave downward irradiance
PRECTOTCORR,1985,MAY,5.63,5,31,mm/day,Corrected precipitation
RH2M,1985,MAY,72.82,5,31,%,Relative humidity at 2 m
T2M,1985,MAY,27.26,5,31,C,Temperature at 2 m
T2M_MAX,1985,MAY,37.84,5,31,C,Temperature at 2 m maximum
T2M_MIN,1985,MAY,22.21,5,31,C,Temperature at 2 m minimum
WS10M,1985,MAY,3.05,5,31,m/s,Wind speed at 10 m
ALLSKY_SFC_SW_DWN,1985,JUN,13.36,6,30,MJ/m^2/day,All-sky surface shortwave downward irradiance
PRECTOTCORR,1985,JUN,18.95,6,30,mm/day,Corrected precipitation
RH2M,1985,JUN,89.86,6,30,%,Relative humidity at 2 m
T2M,1985,JUN,23.48,6,30,C,Temperature at 2 m
T2M_MAX,1985,JUN,27.0,6,30,C,Temperature at 2 m maximum
T2M_MIN,1985,JUN,20.44,6,30,C,Temperature at 2 m minimum
WS10M,1985,JUN,3.39,6,30,m/s,Wind speed at 10 m
ALLSKY_SFC_SW_DWN,1985,JUL,15.16,7,31,MJ/m^2/day,All-sky surface shortwave downward irradiance
PRECTOTCORR,1985,JUL,9.0,7,31,mm/day,Corrected precipitation
RH2M,1985,JUL,91.65,7,31,%,Relative humidity at 2 m
T2M,1985,JUL,22.73,7,31,C,Temperature at 2 m
T2M_MAX,1985,JUL,26.17,7,31,C,Temperature at 2 m maximum
T2M_MIN,1985,JUL,19.21,7,31,C,Temperature at 2 m minimum
WS10M,1985,JUL,3.0,7,31,m/s,Wind speed at 10 m
ALLSKY_SFC_SW_DWN,1985,AUG,15.52,8,31,MJ/m^2/day,All-sky surface shortwave downward irradiance
PRECTOTCORR,1985,AUG,7.7,8,31,mm/day,Corrected precipitation
RH2M,1985,AUG,91.23,8,31,%,Relative humidity at 2 m
T2M,1985,AUG,23.04,8,31,C,Temperature at 2 m
T2M_MAX,1985,AUG,26.99,8,31,C,Temperature at 2 m maximum
T2M_MIN,1985,AUG,20.15,8,31,C,Temperature at 2 m minimum
WS10M,1985,AUG,3.2,8,31,m/s,Wind speed at 10 m
ALLSKY_SFC_SW_DWN,1985,SEP,18.92,9,30,MJ/m^2/day,All-sky surface shortwave downward irradiance
PRECTOTCORR,1985,SEP,2.83,9,30,mm/day,Corrected precipitation
RH2M,1985,SEP,88.31,9,30,%,Relative humidity at 2 m
T2M,1985,SEP,23.48,9,30,C,Temperature at 2 m
T2M_MAX,1985,SEP,28.47,9,30,C,Temperature at 2 m maximum
T2M_MIN,1985,SEP,19.97,9,30,C,Temperature at 2 m minimum
WS10M,1985,SEP,2.33,9,30,m/s,Wind speed at 10 m
ALLSKY_SFC_SW_DWN,1985,OCT,18.87,10,31,MJ/m^2/day,All-sky surface shortwave downward irradiance
PRECTOTCORR,1985,OCT,4.37,10,31,mm/day,Corrected precipitation
RH2M,1985,OCT,85.8,10,31,%,Relative humidity at 2 m
T2M,1985,OCT,23.63,10,31,C,Temperature at 2 m
T2M_MAX,1985,OCT,29.73,10,31,C,Temperature at 2 m maximum
T2M_MIN,1985,OCT,17.79,10,31,C,Temperature at 2 m minimum
WS10M,1985,OCT,2.09,10,31,m/s,Wind speed at 10 m
ALLSKY_SFC_SW_DWN,1985,NOV,18.0,11,30,MJ/m^2/day,All-sky surface shortwave downward irradiance
PRECTOTCORR,1985,NOV,2.83,11,30,mm/day,Corrected precipitation
RH2M,1985,NOV,80.19,11,30,%,Relative humidity at 2 m
T2M,1985,NOV,23.48,11,30,C,Temperature at 2 m
T2M_MAX,1985,NOV,29.53,11,30,C,Temperature at 2 m maximum
T2M_MIN,1985,NOV,16.41,11,30,C,Temperature at 2 m minimum
WS10M,1985,NOV,1.56,11,30,m/s,Wind speed at 10 m
ALLSKY_SFC_SW_DWN,1985,DEC,18.03,12,31,MJ/m^2/day,All-sky surface shortwave downward irradiance
PRECTOTCORR,1985,DEC,0.83,12,31,mm/day,Corrected precipitation
RH2M,1985,DEC,71.43,12,31,%,Relative humidity at 2 m
T2M,1985,DEC,24.33,12,31,C,Temperature at 2 m
T2M_MAX,1985,DEC,32.56,12,31,C,Temperature at 2 m maximum
T2M_MIN,1985,DEC,16.58,12,31,C,Temperature at 2 m minimum
WS10M,1985,DEC,1.98,12,31,m/s,Wind speed at 10 m
ALLSKY_SFC_SW_DWN,1986,JAN,17.79,1,31,MJ/m^2/day,All-sky surface shortwave downward irradiance
PRECTOTCORR,1986,JAN,0.28,1,31,mm/day,Corrected precipitation
RH2M,1986,JAN,63.97,1,31,%,Relative humidity at 2 m
T2M,1986,JAN,25.11,1,31,C,Temperature at 2 m
T2M_MAX,1986,JAN,33.4,1,31,C,Temperature at 2 m maximum
T2M_MIN,1986,JAN,17.2,1,31,C,Temperature at 2 m minimum
WS10M,1986,JAN,2.06,1,31,m/s,Wind speed at 10 m
ALLSKY_SFC_SW_DWN,1986,FEB,19.07,2,28,MJ/m^2/day,All-sky surface shortwave downward irradiance
PRECTOTCORR,1986,FEB,1.05,2,28,mm/day,Corrected precipitation
RH2M,1986,FEB,61.84,2,28,%,Relative humidity at 2 m
T2M,1986,FEB,25.67,2,28,C,Temperature at 2 m
T2M_MAX,1986,FEB,34.59,2,28,C,Temperature at 2 m maximum
T2M_MIN,1986,FEB,18.32,2,28,C,Temperature at 2 m minimum
WS10M,1986,FEB,1.94,2,28,m/s,Wind speed at 10 m
ALLSKY_SFC_SW_DWN,1986,MAR,22.06,3,31,MJ/m^2/day,All-sky surface shortwave downward irradiance
PRECTOTCORR,1986,MAR,0.45,3,31,mm/day,Corrected precipitation
RH2M,1986,MAR,61.81,3,31,%,Relative humidity at 2 m
T2M,1986,MAR,27.94,3,31,C,Temperature at 2 m
T2M_MAX,1986,MAR,38.31,3,31,C,Temperature at 2 m maximum
T2M_MIN,1986,MAR,19.64,3,31,C,Temperature at 2 m minimum
WS10M,1986,MAR,2.14,3,31,m/s,Wind speed at 10 m
ALLSKY_SFC_SW_DWN,1986,APR,23.1,4,30,MJ/m^2/day,All-sky surface shortwave downward irradiance
PRECTOTCORR,1986,APR,0.93,4,30,mm/day,Corrected precipitation
RH2M,1986,APR,68.14,4,30,%,Relative humidity at 2 m
T2M,1986,APR,28.28,4,30,C,Temperature at 2 m
T2M_MAX,1986,APR,37.71,4,30,C,Temperature at 2 m maximum
T2M_MIN,1986,APR,23.19,4,30,C,Temperature at 2 m minimum
WS10M,1986,APR,2.29,4,30,m/s,Wind speed at 10 m
ALLSKY_SFC_SW_DWN,1986,MAY,19.81,5,31,MJ/m^2/day,All-sky surface shortwave downward irradiance
PRECTOTCORR,1986,MAY,2.17,5,31,mm/day,Corrected precipitation
RH2M,1986,MAY,76.91,5,31,%,Relative humidity at 2 m
T2M,1986,MAY,26.69,5,31,C,Temperature at 2 m
T2M_MAX,1986,MAY,34.39,5,31,C,Temperature at 2 m maximum
T2M_MIN,1986,MAY,22.65,5,31,C,Temperature at 2 m minimum
WS10M,1986,MAY,2.8,5,31,m/s,Wind speed at 10 m
ALLSKY_SFC_SW_DWN,1986,JUN,14.74,6,30,MJ/m^2/day,All-sky surface shortwave downward irradiance
PRECTOTCORR,1986,JUN,12.73,6,30,mm/day,Corrected precipitation
RH2M,1986,JUN,85.3,6,30,%,Relative humidity at 2 m
T2M,1986,JUN,24.44,6,30,C,Temperature at 2 m
T2M_MAX,1986,JUN,31.4,6,30,C,Temperature at 2 m maximum
T2M_MIN,1986,JUN,21.31,6,30,C,Temperature at 2 m minimum
WS10M,1986,JUN,3.46,6,30,m/s,Wind speed at 10 m
ALLSKY_SFC_SW_DWN,1986,JUL,15.61,7,31,MJ/m^2/day,All-sky surface shortwave downward irradiance
PRECTOTCORR,1986,JUL,6.44,7,31,mm/day,Corrected precipitation
RH2M,1986,JUL,90.55,7,31,%,Relative humidity at 2 m
T2M,1986,JUL,23.55,7,31,C,Temperature at 2 m
T2M_MAX,1986,JUL,27.47,7,31,C,Temperature at 2 m maximum
T2M_MIN,1986,JUL,20.2,7,31,C,Temperature at 2 m minimum
WS10M,1986,JUL,3.45,7,31,m/s,Wind speed at 10 m
ALLSKY_SFC_SW_DWN,1986,AUG,16.9,8,31,MJ/m^2/day,All-sky surface shortwave downward irradiance
PRECTOTCORR,1986,AUG,7.12,8,31,mm/day,Corrected precipitation
RH2M,1986,AUG,89.9,8,31,%,Relative humidity at 2 m
T2M,1986,AUG,23.12,8,31,C,Temperature at 2 m
T2M_MAX,1986,AUG,27.84,8,31,C,Temperature at 2 m maximum
T2M_MIN,1986,AUG,20.05,8,31,C,Temperature at 2 m minimum
WS10M,1986,AUG,3.46,8,31,m/s,Wind speed at 10 m
ALLSKY_SFC_SW_DWN,1986,SEP,18.24,9,30,MJ/m^2/day,All-sky surface shortwave downward irradiance
PRECTOTCORR,1986,SEP,4.79,9,30,mm/day,Corrected precipitation
RH2M,1986,SEP,88.31,9,30,%,Relative humidity at 2 m
T2M,1986,SEP,23.71,9,30,C,Temperature at 2 m
T2M_MAX,1986,SEP,28.54,9,30,C,Temperature at 2 m maximum
T2M_MIN,1986,SEP,20.22,9,30,C,Temperature at 2 m minimum
WS10M,1986,SEP,2.54,9,30,m/s,Wind speed at 10 m
ALLSKY_SFC_SW_DWN,1986,OCT,17.5,10,31,MJ/m^2/day,All-sky surface shortwave downward irradiance
PRECTOTCORR,1986,OCT,2.19,10,31,mm/day,Corrected precipitation
RH2M,1986,OCT,84.7,10,31,%,Relative humidity at 2 m
T2M,1986,OCT,24.56,10,31,C,Temperature at 2 m
T2M_MAX,1986,OCT,31.43,10,31,C,Temperature at 2 m maximum
T2M_MIN,1986,OCT,19.61,10,31,C,Temperature at 2 m minimum
WS10M,1986,OCT,1.71,10,31,m/s,Wind speed at 10 m
ALLSKY_SFC_SW_DWN,1986,NOV,17.07,11,30,MJ/m^2/day,All-sky surface shortwave downward irradiance
PRECTOTCORR,1986,NOV,3.99,11,30,mm/day,Corrected precipitation
RH2M,1986,NOV,79.52,11,30,%,Relative humidity at 2 m
T2M,1986,NOV,23.64,11,30,C,Temperature at 2 m
T2M_MAX,1986,NOV,30.78,11,30,C,Temperature at 2 m maximum
T2M_MIN,1986,NOV,16.15,11,30,C,Temperature at 2 m minimum
WS10M,1986,NOV,2.09,11,30,m/s,Wind speed at 10 m
ALLSKY_SFC_SW_DWN,1986,DEC,18.36,12,31,MJ/m^2/day,All-sky surface shortwave downward irradiance
PRECTOTCORR,1986,DEC,0.24,12,31,mm/day,Corrected precipitation
RH2M,1986,DEC,68.79,12,31,%,Relative humidity at 2 m
T2M,1986,DEC,25.32,12,31,C,Temperature at 2 m
T2M_MAX,1986,DEC,33.17,12,31,C,Temperature at 2 m maximum
T2M_MIN,1986,DEC,18.1,12,31,C,Temperature at 2 m minimum
WS10M,1986,DEC,2.14,12,31,m/s,Wind speed at 10 m
ALLSKY_SFC_SW_DWN,1987,JAN,19.74,1,31,MJ/m^2/day,All-sky surface shortwave downward irradiance
PRECTOTCORR,1987,JAN,0.03,1,31,mm/day,Corrected precipitation
RH2M,1987,JAN,55.38,1,31,%,Relative humidity at 2 m
T2M,1987,JAN,25.46,1,31,C,Temperature at 2 m
T2M_MAX,1987,JAN,34.59,1,31,C,Temperature at 2 m maximum
T2M_MIN,1987,JAN,16.59,1,31,C,Temperature at 2 m minimum
WS10M,1987,JAN,2.26,1,31,m/s,Wind speed at 10 m
ALLSKY_SFC_SW_DWN,1987,FEB,21.28,2,28,MJ/m^2/day,All-sky surface shortwave downward irradiance
PRECTOTCORR,1987,FEB,0.04,2,28,mm/day,Corrected precipitation
RH2M,1987,FEB,52.97,2,28,%,Relative humidity at 2 m
T2M,1987,FEB,26.54,2,28,C,Temperature at 2 m
T2M_MAX,1987,FEB,36.15,2,28,C,Temperature at 2 m maximum
T2M_MIN,1987,FEB,16.87,2,28,C,Temperature at 2 m minimum
WS10M,1987,FEB,2.08,2,28,m/s,Wind speed at 10 m
ALLSKY_SFC_SW_DWN,1987,MAR,22.51,3,31,MJ/m^2/day,All-sky surface shortwave downward irradiance
PRECTOTCORR,1987,MAR,0.07,3,31,mm/day,Corrected precipitation
RH2M,1987,MAR,52.93,3,31,%,Relative humidity at 2 m
T2M,1987,MAR,27.85,3,31,C,Temperature at 2 m
T2M_MAX,1987,MAR,38.02,3,31,C,Temperature at 2 m maximum
T2M_MIN,1987,MAR,19.17,3,31,C,Temperature at 2 m minimum
WS10M,1987,MAR,2.08,3,31,m/s,Wind speed at 10 m
ALLSKY_SFC_SW_DWN,1987,APR,22.64,4,30,MJ/m^2/day,All-sky surface shortwave downward irradiance
PRECTOTCORR,1987,APR,0.82,4,30,mm/day,Corrected precipitation
RH2M,1987,APR,63.97,4,30,%,Relative humidity at 2 m
T2M,1987,APR,28.56,4,30,C,Temperature at 2 m
T2M_MAX,1987,APR,38.24,4,30,C,Temperature at 2 m maximum
T2M_MIN,1987,APR,21.6,4,30,C,Temperature at 2 m minimum
WS10M,1987,APR,2.26,4,30,m/s,Wind speed at 10 m
ALLSKY_SFC_SW_DWN,1987,MAY,19.5,5,31,MJ/m^2/day,All-sky surface shortwave downward irradiance
PRECTOTCORR,1987,MAY,2.64,5,31,mm/day,Corrected precipitation
RH2M,1987,MAY,72.51,5,31,%,Relative humidity at 2 m
T2M,1987,MAY,27.4,5,31,C,Temperature at 2 m
T2M_MAX,1987,MAY,37.67,5,31,C,Temperature at 2 m maximum
T2M_MIN,1987,MAY,22.34,5,31,C,Temperature at 2 m minimum
WS10M,1987,MAY,2.22,5,31,m/s,Wind speed at 10 m
ALLSKY_SFC_SW_DWN,1987,JUN,15.79,6,30,MJ/m^2/day,All-sky surface shortwave downward irradiance
PRECTOTCORR,1987,JUN,12.05,6,30,mm/day,Corrected precipitation
RH2M,1987,JUN,86.73,6,30,%,Relative humidity at 2 m
T2M,1987,JUN,24.66,6,30,C,Temperature at 2 m
T2M_MAX,1987,JUN,30.98,6,30,C,Temperature at 2 m maximum
T2M_MIN,1987,JUN,21.27,6,30,C,Temperature at 2 m minimum
WS10M,1987,JUN,3.53,6,30,m/s,Wind speed at 10 m
ALLSKY_SFC_SW_DWN,1987,JUL,17.34,7,31,MJ/m^2/day,All-sky surface shortwave downward irradiance
PRECTOTCORR,1987,JUL,4.88,7,31,mm/day,Corrected precipitation
RH2M,1987,JUL,88.73,7,31,%,Relative humidity at 2 m
T2M,1987,JUL,24.34,7,31,C,Temperature at 2 m
T2M_MAX,1987,JUL,28.91,7,31,C,Temperature at 2 m maximum
T2M_MIN,1987,JUL,21.04,7,31,C,Temperature at 2 m minimum
WS10M,1987,JUL,3.16,7,31,m/s,Wind speed at 10 m
ALLSKY_SFC_SW_DWN,1987,AUG,15.83,8,31,MJ/m^2/day,All-sky surface shortwave downward irradiance
PRECTOTCORR,1987,AUG,9.35,8,31,mm/day,Corrected precipitation
RH2M,1987,AUG,89.37,8,31,%,Relative humidity at 2 m
T2M,1987,AUG,23.86,8,31,C,Temperature at 2 m
T2M_MAX,1987,AUG,27.95,8,31,C,Temperature at 2 m maximum
T2M_MIN,1987,AUG,20.75,8,31,C,Temperature at 2 m minimum
WS10M,1987,AUG,3.13,8,31,m/s,Wind speed at 10 m
ALLSKY_SFC_SW_DWN,1987,SEP,19.68,9,30,MJ/m^2/day,All-sky surface shortwave downward irradiance
PRECTOTCORR,1987,SEP,1.96,9,30,mm/day,Corrected precipitation
RH2M,1987,SEP,88.82,9,30,%,Relative humidity at 2 m
T2M,1987,SEP,24.24,9,30,C,Temperature at 2 m
T2M_MAX,1987,SEP,28.91,9,30,C,Temperature at 2 m maximum
T2M_MIN,1987,SEP,20.63,9,30,C,Temperature at 2 m minimum
WS10M,1987,SEP,2.45,9,30,m/s,Wind speed at 10 m
ALLSKY_SFC_SW_DWN,1987,OCT,17.94,10,31,MJ/m^2/day,All-sky surface shortwave downward irradiance
PRECTOTCORR,1987,OCT,8.81,10,31,mm/day,Corrected precipitation
RH2M,1987,OCT,88.84,10,31,%,Relative humidity at 2 m
T2M,1987,OCT,24.48,10,31,C,Temperature at 2 m
T2M_MAX,1987,OCT,29.76,10,31,C,Temperature at 2 m maximum
T2M_MIN,1987,OCT,21.3,10,31,C,Temperature at 2 m minimum
WS10M,1987,OCT,1.74,10,31,m/s,Wind speed at 10 m
ALLSKY_SFC_SW_DWN,1987,NOV,17.99,11,30,MJ/m^2/day,All-sky surface shortwave downward irradiance
PRECTOTCORR,1987,NOV,6.61,11,30,mm/day,Corrected precipitation
RH2M,1987,NOV,84.93,11,30,%,Relative humidity at 2 m
T2M,1987,NOV,23.93,11,30,C,Temperature at 2 m
T2M_MAX,1987,NOV,28.73,11,30,C,Temperature at 2 m maximum
T2M_MIN,1987,NOV,18.15,11,30,C,Temperature at 2 m minimum
WS10M,1987,NOV,1.75,11,30,m/s,Wind speed at 10 m
ALLSKY_SFC_SW_DWN,1987,DEC,16.92,12,31,MJ/m^2/day,All-sky surface shortwave downward irradiance
PRECTOTCORR,1987,DEC,2.69,12,31,mm/day,Corrected precipitation
RH2M,1987,DEC,82.77,12,31,%,Relative humidity at 2 m
T2M,1987,DEC,23.5,12,31,C,Temperature at 2 m
T2M_MAX,1987,DEC,29.28,12,31,C,Temperature at 2 m maximum
T2M_MIN,1987,DEC,16.08,12,31,C,Temperature at 2 m minimum
WS10M,1987,DEC,1.96,12,31,m/s,Wind speed at 10 m
ALLSKY_SFC_SW_DWN,1988,JAN,19.55,1,31,MJ/m^2/day,All-sky surface shortwave downward irradiance
PRECTOTCORR,1988,JAN,0.0,1,31,mm/day,Corrected precipitation
RH2M,1988,JAN,67.85,1,31,%,Relative humidity at 2 m
T2M,1988,JAN,23.55,1,31,C,Temperature at 2 m
T2M_MAX,1988,JAN,32.85,1,31,C,Temperature at 2 m maximum
T2M_MIN,1988,JAN,15.59,1,31,C,Temperature at 2 m minimum
WS10M,1988,JAN,2.13,1,31,m/s,Wind speed at 10 m
ALLSKY_SFC_SW_DWN,1988,FEB,20.85,2,29,MJ/m^2/day,All-sky surface shortwave downward irradiance
PRECTOTCORR,1988,FEB,0.04,2,29,mm/day,Corrected precipitation
RH2M,1988,FEB,60.92,2,29,%,Relative humidity at 2 m
T2M,1988,FEB,27.1,2,29,C,Temperature at 2 m
T2M_MAX,1988,FEB,36.93,2,29,C,Temperature at 2 m maximum
T2M_MIN,1988,FEB,17.44,2,29,C,Temperature at 2 m minimum
WS10M,1988,FEB,1.77,2,29,m/s,Wind speed at 10 m
ALLSKY_SFC_SW_DWN,1988,MAR,21.42,3,31,MJ/m^2/day,All-sky surface shortwave downward irradiance
PRECTOTCORR,1988,MAR,0.45,3,31,mm/day,Corrected precipitation
RH2M,1988,MAR,61.4,3,31,%,Relative humidity at 2 m
T2M,1988,MAR,28.18,3,31,C,Temperature at 2 m
T2M_MAX,1988,MAR,37.96,3,31,C,Temperature at 2 m maximum
T2M_MIN,1988,MAR,20.8,3,31,C,Temperature at 2 m minimum
WS10M,1988,MAR,2.13,3,31,m/s,Wind speed at 10 m
ALLSKY_SFC_SW_DWN,1988,APR,20.77,4,30,MJ/m^2/day,All-sky surface shortwave downward irradiance
PRECTOTCORR,1988,APR,4.68,4,30,mm/day,Corrected precipitation
RH2M,1988,APR,72.44,4,30,%,Relative humidity at 2 m
T2M,1988,APR,27.71,4,30,C,Temperature at 2 m
T2M_MAX,1988,APR,38.24,4,30,C,Temperature at 2 m maximum
T2M_MIN,1988,APR,23.0,4,30,C,Temperature at 2 m minimum
WS10M,1988,APR,1.82,4,30,m/s,Wind speed at 10 m
ALLSKY_SFC_SW_DWN,1988,MAY,19.68,5,31,MJ/m^2/day,All-sky surface shortwave downward irradiance
PRECTOTCORR,1988,MAY,3.15,5,31,mm/day,Corrected precipitation
RH2M,1988,MAY,81.23,5,31,%,Relative humidity at 2 m
T2M,1988,MAY,26.52,5,31,C,Temperature at 2 m
T2M_MAX,1988,MAY,32.45,5,31,C,Temperature at 2 m maximum
T2M_MIN,1988,MAY,22.52,5,31,C,Temperature at 2 m minimum
WS10M,1988,MAY,2.8,5,31,m/s,Wind speed at 10 m
ALLSKY_SFC_SW_DWN,1988,JUN,16.73,6,30,MJ/m^2/day,All-sky surface shortwave downward irradiance
PRECTOTCORR,1988,JUN,13.73,6,30,mm/day,Corrected precipitation
RH2M,1988,JUN,88.58,6,30,%,Relative humidity at 2 m
T2M,1988,JUN,24.5,6,30,C,Temperature at 2 m
T2M_MAX,1988,JUN,31.08,6,30,C,Temperature at 2 m maximum
T2M_MIN,1988,JUN,21.23,6,30,C,Temperature at 2 m minimum
WS10M,1988,JUN,3.24,6,30,m/s,Wind speed at 10 m
ALLSKY_SFC_SW_DWN,1988,JUL,14.58,7,31,MJ/m^2/day,All-sky surface shortwave downward irradiance
PRECTOTCORR,1988,JUL,14.65,7,31,mm/day,Corrected precipitation
RH2M,1988,JUL,91.58,7,31,%,Relative humidity at 2 m
T2M,1988,JUL,23.76,7,31,C,Temperature at 2 m
T2M_MAX,1988,JUL,27.5,7,31,C,Temperature at 2 m maximum
T2M_MIN,1988,JUL,21.29,7,31,C,Temperature at 2 m minimum
WS10M,1988,JUL,3.38,7,31,m/s,Wind speed at 10 m
ALLSKY_SFC_SW_DWN,1988,AUG,15.95,8,31,MJ/m^2/day,All-sky surface shortwave downward irradiance
PRECTOTCORR,1988,AUG,10.21,8,31,mm/day,Corrected precipitation
RH2M,1988,AUG,91.98,8,31,%,Relative humidity at 2 m
T2M,1988,AUG,23.58,8,31,C,Temperature at 2 m
T2M_MAX,1988,AUG,27.12,8,31,C,Temperature at 2 m maximum
T2M_MIN,1988,AUG,20.86,8,31,C,Temperature at 2 m minimum
WS10M,1988,AUG,3.12,8,31,m/s,Wind speed at 10 m
ALLSKY_SFC_SW_DWN,1988,SEP,17.35,9,30,MJ/m^2/day,All-sky surface shortwave downward irradiance
PRECTOTCORR,1988,SEP,9.86,9,30,mm/day,Corrected precipitation
RH2M,1988,SEP,91.11,9,30,%,Relative humidity at 2 m
T2M,1988,SEP,23.77,9,30,C,Temperature at 2 m
T2M_MAX,1988,SEP,28.01,9,30,C,Temperature at 2 m maximum
T2M_MIN,1988,SEP,21.0,9,30,C,Temperature at 2 m minimum
WS10M,1988,SEP,2.87,9,30,m/s,Wind speed at 10 m
ALLSKY_SFC_SW_DWN,1988,OCT,19.72,10,31,MJ/m^2/day,All-sky surface shortwave downward irradiance
PRECTOTCORR,1988,OCT,1.45,10,31,mm/day,Corrected precipitation
RH2M,1988,OCT,86.26,10,31,%,Relative humidity at 2 m
T2M,1988,OCT,24.36,10,31,C,Temperature at 2 m
T2M_MAX,1988,OCT,29.58,10,31,C,Temperature at 2 m maximum
T2M_MIN,1988,OCT,19.43,10,31,C,Temperature at 2 m minimum
WS10M,1988,OCT,1.83,10,31,m/s,Wind speed at 10 m
ALLSKY_SFC_SW_DWN,1988,NOV,18.48,11,30,MJ/m^2/day,All-sky surface shortwave downward irradiance
PRECTOTCORR,1988,NOV,1.76,11,30,mm/day,Corrected precipitation
RH2M,1988,NOV,78.15,11,30,%,Relative humidity at 2 m
T2M,1988,NOV,24.45,11,30,C,Temperature at 2 m
T2M_MAX,1988,NOV,30.64,11,30,C,Temperature at 2 m maximum
T2M_MIN,1988,NOV,18.14,11,30,C,Temperature at 2 m minimum
WS10M,1988,NOV,1.55,11,30,m/s,Wind speed at 10 m
ALLSKY_SFC_SW_DWN,1988,DEC,18.93,12,31,MJ/m^2/day,All-sky surface shortwave downward irradiance
PRECTOTCORR,1988,DEC,0.72,12,31,mm/day,Corrected precipitation
RH2M,1988,DEC,65.82,12,31,%,Relative humidity at 2 m
T2M,1988,DEC,24.36,12,31,C,Temperature at 2 m
T2M_MAX,1988,DEC,32.36,12,31,C,Temperature at 2 m maximum
T2M_MIN,1988,DEC,16.86,12,31,C,Temperature at 2 m minimum
WS10M,1988,DEC,2.24,12,31,m/s,Wind speed at 10 m
ALLSKY_SFC_SW_DWN,1989,JAN,20.13,1,31,MJ/m^2/day,All-sky surface shortwave downward irradiance
PRECTOTCORR,1989,JAN,0.02,1,31,mm/day,Corrected precipitation
RH2M,1989,JAN,53.66,1,31,%,Relative humidity at 2 m
T2M,1989,JAN,25.68,1,31,C,Temperature at 2 m
T2M_MAX,1989,JAN,35.4,1,31,C,Temperature at 2 m maximum
T2M_MIN,1989,JAN,17.41,1,31,C,Temperature at 2 m minimum
WS10M,1989,JAN,2.12,1,31,m/s,Wind speed at 10 m
ALLSKY_SFC_SW_DWN,1989,FEB,22.45,2,28,MJ/m^2/day,All-sky surface shortwave downward irradiance
PRECTOTCORR,1989,FEB,0.0,2,28,mm/day,Corrected precipitation
RH2M,1989,FEB,44.76,2,28,%,Relative humidity at 2 m
T2M,1989,FEB,26.56,2,28,C,Temperature at 2 m
T2M_MAX,1989,FEB,36.9,2,28,C,Temperature at 2 m maximum
T2M_MIN,1989,FEB,16.32,2,28,C,Temperature at 2 m minimum
WS10M,1989,FEB,1.74,2,28,m/s,Wind speed at 10 m
ALLSKY_SFC_SW_DWN,1989,MAR,22.83,3,31,MJ/m^2/day,All-sky surface shortwave downward irradiance
PRECTOTCORR,1989,MAR,0.78,3,31,mm/day,Corrected precipitation
RH2M,1989,MAR,57.39,3,31,%,Relative humidity at 2 m
T2M,1989,MAR,27.89,3,31,C,Temperature at 2 m
T2M_MAX,1989,MAR,37.05,3,31,C,Temperature at 2 m maximum
T2M_MIN,1989,MAR,19.12,3,31,C,Temperature at 2 m minimum
WS10M,1989,MAR,1.86,3,31,m/s,Wind speed at 10 m
ALLSKY_SFC_SW_DWN,1989,APR,22.55,4,30,MJ/m^2/day,All-sky surface shortwave downward irradiance
PRECTOTCORR,1989,APR,2.03,4,30,mm/day,Corrected precipitation
RH2M,1989,APR,66.54,4,30,%,Relative humidity at 2 m
T2M,1989,APR,28.29,4,30,C,Temperature at 2 m
T2M_MAX,1989,APR,38.91,4,30,C,Temperature at 2 m maximum
T2M_MIN,1989,APR,22.65,4,30,C,Temperature at 2 m minimum
WS10M,1989,APR,2.29,4,30,m/s,Wind speed at 10 m
ALLSKY_SFC_SW_DWN,1989,MAY,19.93,5,31,MJ/m^2/day,All-sky surface shortwave downward irradiance
PRECTOTCORR,1989,MAY,3.49,5,31,mm/day,Corrected precipitation
RH2M,1989,MAY,77.98,5,31,%,Relative humidity at 2 m
T2M,1989,MAY,26.68,5,31,C,Temperature at 2 m
T2M_MAX,1989,MAY,34.01,5,31,C,Temperature at 2 m maximum
T2M_MIN,1989,MAY,22.83,5,31,C,Temperature at 2 m minimum
WS10M,1989,MAY,3.05,5,31,m/s,Wind speed at 10 m
ALLSKY_SFC_SW_DWN,1989,JUN,15.14,6,30,MJ/m^2/day,All-sky surface shortwave downward irradiance
PRECTOTCORR,1989,JUN,16.38,6,30,mm/day,Corrected precipitation
RH2M,1989,JUN,89.63,6,30,%,Relative humidity at 2 m
T2M,1989,JUN,24.1,6,30,C,Temperature at 2 m
T2M_MAX,1989,JUN,30.49,6,30,C,Temperature at 2 m maximum
T2M_MIN,1989,JUN,20.01,6,30,C,Temperature at 2 m minimum
WS10M,1989,JUN,3.5,6,30,m/s,Wind speed at 10 m
ALLSKY_SFC_SW_DWN,1989,JUL,14.93,7,31,MJ/m^2/day,All-sky surface shortwave downward irradiance
PRECTOTCORR,1989,JUL,10.52,7,31,mm/day,Corrected precipitation
RH2M,1989,JUL,91.1,7,31,%,Relative humidity at 2 m
T2M,1989,JUL,23.2,7,31,C,Temperature at 2 m
T2M_MAX,1989,JUL,27.73,7,31,C,Temperature at 2 m maximum
T2M_MIN,1989,JUL,18.89,7,31,C,Temperature at 2 m minimum
WS10M,1989,JUL,3.6,7,31,m/s,Wind speed at 10 m
ALLSKY_SFC_SW_DWN,1989,AUG,16.94,8,31,MJ/m^2/day,All-sky surface shortwave downward irradiance
PRECTOTCORR,1989,AUG,6.06,8,31,mm/day,Corrected precipitation
RH2M,1989,AUG,90.6,8,31,%,Relative humidity at 2 m
T2M,1989,AUG,23.4,8,31,C,Temperature at 2 m
T2M_MAX,1989,AUG,27.57,8,31,C,Temperature at 2 m maximum
T2M_MIN,1989,AUG,20.72,8,31,C,Temperature at 2 m minimum
WS10M,1989,AUG,3.4,8,31,m/s,Wind speed at 10 m
ALLSKY_SFC_SW_DWN,1989,SEP,18.88,9,30,MJ/m^2/day,All-sky surface shortwave downward irradiance
PRECTOTCORR,1989,SEP,5.74,9,30,mm/day,Corrected precipitation
RH2M,1989,SEP,89.69,9,30,%,Relative humidity at 2 m
T2M,1989,SEP,23.63,9,30,C,Temperature at 2 m
T2M_MAX,1989,SEP,28.02,9,30,C,Temperature at 2 m maximum
T2M_MIN,1989,SEP,20.34,9,30,C,Temperature at 2 m minimum
WS10M,1989,SEP,2.59,9,30,m/s,Wind speed at 10 m
ALLSKY_SFC_SW_DWN,1989,OCT,18.15,10,31,MJ/m^2/day,All-sky surface shortwave downward irradiance
PRECTOTCORR,1989,OCT,6.21,10,31,mm/day,Corrected precipitation
RH2M,1989,OCT,89.9,10,31,%,Relative humidity at 2 m
T2M,1989,OCT,24.1,10,31,C,Temperature at 2 m
T2M_MAX,1989,OCT,28.83,10,31,C,Temperature at 2 m maximum
T2M_MIN,1989,OCT,20.98,10,31,C,Temperature at 2 m minimum
WS10M,1989,OCT,2.01,10,31,m/s,Wind speed at 10 m
ALLSKY_SFC_SW_DWN,1989,NOV,19.04,11,30,MJ/m^2/day,All-sky surface shortwave downward irradiance
PRECTOTCORR,1989,NOV,2.38,11,30,mm/day,Corrected precipitation
RH2M,1989,NOV,79.63,11,30,%,Relative humidity at 2 m
T2M,1989,NOV,23.89,11,30,C,Temperature at 2 m
T2M_MAX,1989,NOV,29.58,11,30,C,Temperature at 2 m maximum
T2M_MIN,1989,NOV,15.74,11,30,C,Temperature at 2 m minimum
WS10M,1989,NOV,1.9,11,30,m/s,Wind speed at 10 m
ALLSKY_SFC_SW_DWN,1989,DEC,18.76,12,31,MJ/m^2/day,All-sky surface shortwave downward irradiance
PRECTOTCORR,1989,DEC,0.66,12,31,mm/day,Corrected precipitation
RH2M,1989,DEC,71.84,12,31,%,Relative humidity at 2 m
T2M,1989,DEC,23.99,12,31,C,Temperature at 2 m
T2M_MAX,1989,DEC,32.18,12,31,C,Temperature at 2 m maximum
T2M_MIN,1989,DEC,16.83,12,31,C,Temperature at 2 m minimum
WS10M,1989,DEC,2.41,12,31,m/s,Wind speed at 10 m
ALLSKY_SFC_SW_DWN,1990,JAN,19.39,1,31,MJ/m^2/day,All-sky surface shortwave downward irradiance
PRECTOTCORR,1990,JAN,0.16,1,31,mm/day,Corrected precipitation
RH2M,1990,JAN,54.35,1,31,%,Relative humidity at 2 m
T2M,1990,JAN,24.81,1,31,C,Temperature at 2 m
T2M_MAX,1990,JAN,35.23,1,31,C,Temperature at 2 m maximum
T2M_MIN,1990,JAN,14.79,1,31,C,Temperature at 2 m minimum
WS10M,1990,JAN,2.22,1,31,m/s,Wind speed at 10 m
ALLSKY_SFC_SW_DWN,1990,FEB,21.41,2,28,MJ/m^2/day,All-sky surface shortwave downward irradiance
PRECTOTCORR,1990,FEB,0.01,2,28,mm/day,Corrected precipitation
RH2M,1990,FEB,54.8,2,28,%,Relative humidity at 2 m
T2M,1990,FEB,26.6,2,28,C,Temperature at 2 m
T2M_MAX,1990,FEB,35.71,2,28,C,Temperature at 2 m maximum
T2M_MIN,1990,FEB,17.77,2,28,C,Temperature at 2 m minimum
WS10M,1990,FEB,2.44,2,28,m/s,Wind speed at 10 m
ALLSKY_SFC_SW_DWN,1990,MAR,22.62,3,31,MJ/m^2/day,All-sky surface shortwave downward irradiance
PRECTOTCORR,1990,MAR,0.29,3,31,mm/day,Corrected precipitation
RH2M,1990,MAR,60.13,3,31,%,Relative humidity at 2 m
T2M,1990,MAR,27.99,3,31,C,Temperature at 2 m
T2M_MAX,1990,MAR,37.86,3,31,C,Temperature at 2 m maximum
T2M_MIN,1990,MAR,20.14,3,31,C,Temperature at 2 m minimum
WS10M,1990,MAR,2.37,3,31,m/s,Wind speed at 10 m
ALLSKY_SFC_SW_DWN,1990,APR,22.01,4,30,MJ/m^2/day,All-sky surface shortwave downward irradiance
PRECTOTCORR,1990,APR,0.89,4,30,mm/day,Corrected precipitation
RH2M,1990,APR,65.05,4,30,%,Relative humidity at 2 m
T2M,1990,APR,28.68,4,30,C,Temperature at 2 m
T2M_MAX,1990,APR,37.28,4,30,C,Temperature at 2 m maximum
T2M_MIN,1990,APR,23.09,4,30,C,Temperature at 2 m minimum
WS10M,1990,APR,2.5,4,30,m/s,Wind speed at 10 m
ALLSKY_SFC_SW_DWN,1990,MAY,16.61,5,31,MJ/m^2/day,All-sky surface shortwave downward irradiance
PRECTOTCORR,1990,MAY,9.39,5,31,mm/day,Corrected precipitation
RH2M,1990,MAY,81.14,5,31,%,Relative humidity at 2 m
T2M,1990,MAY,26.15,5,31,C,Temperature at 2 m
T2M_MAX,1990,MAY,34.14,5,31,C,Temperature at 2 m maximum
T2M_MIN,1990,MAY,22.39,5,31,C,Temperature at 2 m minimum
WS10M,1990,MAY,3.17,5,31,m/s,Wind speed at 10 m
ALLSKY_SFC_SW_DWN,1990,JUN,14.99,6,30,MJ/m^2/day,All-sky surface shortwave downward irradiance
PRECTOTCORR,1990,JUN,9.94,6,30,mm/day,Corrected precipitation
RH2M,1990,JUN,89.58,6,30,%,Relative humidity at 2 m
T2M,1990,JUN,24.41,6,30,C,Temperature at 2 m
T2M_MAX,1990,JUN,27.83,6,30,C,Temperature at 2 m maximum
T2M_MIN,1990,JUN,21.19,6,30,C,Temperature at 2 m minimum
WS10M,1990,JUN,3.46,6,30,m/s,Wind speed at 10 m
ALLSKY_SFC_SW_DWN,1990,JUL,13.91,7,31,MJ/m^2/day,All-sky surface shortwave downward irradiance
PRECTOTCORR,1990,JUL,13.78,7,31,mm/day,Corrected precipitation
RH2M,1990,JUL,91.71,7,31,%,Relative humidity at 2 m
T2M,1990,JUL,23.32,7,31,C,Temperature at 2 m
T2M_MAX,1990,JUL,27.08,7,31,C,Temperature at 2 m maximum
T2M_MIN,1990,JUL,19.83,7,31,C,Temperature at 2 m minimum
WS10M,1990,JUL,3.28,7,31,m/s,Wind speed at 10 m
ALLSKY_SFC_SW_DWN,1990,AUG,15.31,8,31,MJ/m^2/day,All-sky surface shortwave downward irradiance
PRECTOTCORR,1990,AUG,5.89,8,31,mm/day,Corrected precipitation
RH2M,1990,AUG,90.94,8,31,%,Relative humidity at 2 m
T2M,1990,AUG,23.32,8,31,C,Temperature at 2 m
T2M_MAX,1990,AUG,27.64,8,31,C,Temperature at 2 m maximum
T2M_MIN,1990,AUG,19.85,8,31,C,Temperature at 2 m minimum
WS10M,1990,AUG,3.52,8,31,m/s,Wind speed at 10 m
ALLSKY_SFC_SW_DWN,1990,SEP,20.23,9,30,MJ/m^2/day,All-sky surface shortwave downward irradiance
PRECTOTCORR,1990,SEP,2.28,9,30,mm/day,Corrected precipitation
RH2M,1990,SEP,88.44,9,30,%,Relative humidity at 2 m
T2M,1990,SEP,23.76,9,30,C,Temperature at 2 m
T2M_MAX,1990,SEP,28.68,9,30,C,Temperature at 2 m maximum
T2M_MIN,1990,SEP,20.9,9,30,C,Temperature at 2 m minimum
WS10M,1990,SEP,2.49,9,30,m/s,Wind speed at 10 m
ALLSKY_SFC_SW_DWN,1990,OCT,17.65,10,31,MJ/m^2/day,All-sky surface shortwave downward irradiance
PRECTOTCORR,1990,OCT,7.04,10,31,mm/day,Corrected precipitation
RH2M,1990,OCT,84.4,10,31,%,Relative humidity at 2 m
T2M,1990,OCT,24.77,10,31,C,Temperature at 2 m
T2M_MAX,1990,OCT,32.48,10,31,C,Temperature at 2 m maximum
T2M_MIN,1990,OCT,20.79,10,31,C,Temperature at 2 m minimum
WS10M,1990,OCT,1.8,10,31,m/s,Wind speed at 10 m
ALLSKY_SFC_SW_DWN,1990,NOV,17.55,11,30,MJ/m^2/day,All-sky surface shortwave downward irradiance
PRECTOTCORR,1990,NOV,1.54,11,30,mm/day,Corrected precipitation
RH2M,1990,NOV,83.41,11,30,%,Relative humidity at 2 m
T2M,1990,NOV,24.16,11,30,C,Temperature at 2 m
T2M_MAX,1990,NOV,30.3,11,30,C,Temperature at 2 m maximum
T2M_MIN,1990,NOV,19.51,11,30,C,Temperature at 2 m minimum
WS10M,1990,NOV,1.92,11,30,m/s,Wind speed at 10 m
ALLSKY_SFC_SW_DWN,1990,DEC,18.01,12,31,MJ/m^2/day,All-sky surface shortwave downward irradiance
PRECTOTCORR,1990,DEC,0.04,12,31,mm/day,Corrected precipitation
RH2M,1990,DEC,68.31,12,31,%,Relative humidity at 2 m
T2M,1990,DEC,24.79,12,31,C,Temperature at 2 m
T2M_MAX,1990,DEC,32.55,12,31,C,Temperature at 2 m maximum
T2M_MIN,1990,DEC,17.08,12,31,C,Temperature at 2 m minimum
WS10M,1990,DEC,2.45,12,31,m/s,Wind speed at 10 m
ALLSKY_SFC_SW_DWN,1991,JAN,19.02,1,31,MJ/m^2/day,All-sky surface shortwave downward irradiance
PRECTOTCORR,1991,JAN,0.0,1,31,mm/day,Corrected precipitation
RH2M,1991,JAN,56.38,1,31,%,Relative humidity at 2 m
T2M,1991,JAN,25.93,1,31,C,Temperature at 2 m
T2M_MAX,1991,JAN,36.69,1,31,C,Temperature at 2 m maximum
T2M_MIN,1991,JAN,17.68,1,31,C,Temperature at 2 m minimum
WS10M,1991,JAN,2.11,1,31,m/s,Wind speed at 10 m
ALLSKY_SFC_SW_DWN,1991,FEB,20.95,2,28,MJ/m^2/day,All-sky surface shortwave downward irradiance
PRECTOTCORR,1991,FEB,0.0,2,28,mm/day,Corrected precipitation
RH2M,1991,FEB,48.61,2,28,%,Relative humidity at 2 m
T2M,1991,FEB,27.24,2,28,C,Temperature at 2 m
T2M_MAX,1991,FEB,36.2,2,28,C,Temperature at 2 m maximum
T2M_MIN,1991,FEB,18.03,2,28,C,Temperature at 2 m minimum
WS10M,1991,FEB,1.97,2,28,m/s,Wind speed at 10 m
ALLSKY_SFC_SW_DWN,1991,MAR,22.28,3,31,MJ/m^2/day,All-sky surface shortwave downward irradiance
PRECTOTCORR,1991,MAR,0.07,3,31,mm/day,Corrected precipitation
RH2M,1991,MAR,59.73,3,31,%,Relative humidity at 2 m
T2M,1991,MAR,28.98,3,31,C,Temperature at 2 m
T2M_MAX,1991,MAR,38.51,3,31,C,Temperature at 2 m maximum
T2M_MIN,1991,MAR,22.6,3,31,C,Temperature at 2 m minimum
WS10M,1991,MAR,1.99,3,31,m/s,Wind speed at 10 m
ALLSKY_SFC_SW_DWN,1991,APR,22.31,4,30,MJ/m^2/day,All-sky surface shortwave downward irradiance
PRECTOTCORR,1991,APR,0.11,4,30,mm/day,Corrected precipitation
RH2M,1991,APR,65.8,4,30,%,Relative humidity at 2 m
T2M,1991,APR,28.69,4,30,C,Temperature at 2 m
T2M_MAX,1991,APR,38.77,4,30,C,Temperature at 2 m maximum
T2M_MIN,1991,APR,23.82,4,30,C,Temperature at 2 m minimum
WS10M,1991,APR,2.43,4,30,m/s,Wind speed at 10 m
ALLSKY_SFC_SW_DWN,1991,MAY,20.77,5,31,MJ/m^2/day,All-sky surface shortwave downward irradiance
PRECTOTCORR,1991,MAY,0.47,5,31,mm/day,Corrected precipitation
RH2M,1991,MAY,69.75,5,31,%,Relative humidity at 2 m
T2M,1991,MAY,28.48,5,31,C,Temperature at 2 m
T2M_MAX,1991,MAY,37.32,5,31,C,Temperature at 2 m maximum
T2M_MIN,1991,MAY,23.7,5,31,C,Temperature at 2 m minimum
WS10M,1991,MAY,2.64,5,31,m/s,Wind speed at 10 m
ALLSKY_SFC_SW_DWN,1991,JUN,12.94,6,30,MJ/m^2/day,All-sky surface shortwave downward irradiance
PRECTOTCORR,1991,JUN,23.36,6,30,mm/day,Corrected precipitation
RH2M,1991,JUN,90.68,6,30,%,Relative humidity at 2 m
T2M,1991,JUN,24.67,6,30,C,Temperature at 2 m
T2M_MAX,1991,JUN,32.3,6,30,C,Temperature at 2 m maximum
T2M_MIN,1991,JUN,21.58,6,30,C,Temperature at 2 m minimum
WS10M,1991,JUN,3.61,6,30,m/s,Wind speed at 10 m
ALLSKY_SFC_SW_DWN,1991,JUL,13.51,7,31,MJ/m^2/day,All-sky surface shortwave downward irradiance
PRECTOTCORR,1991,JUL,14.42,7,31,mm/day,Corrected precipitation
RH2M,1991,JUL,91.87,7,31,%,Relative humidity at 2 m
T2M,1991,JUL,23.62,7,31,C,Temperature at 2 m
T2M_MAX,1991,JUL,27.09,7,31,C,Temperature at 2 m maximum
T2M_MIN,1991,JUL,21.29,7,31,C,Temperature at 2 m minimum
WS10M,1991,JUL,3.58,7,31,m/s,Wind speed at 10 m
ALLSKY_SFC_SW_DWN,1991,AUG,14.73,8,31,MJ/m^2/day,All-sky surface shortwave downward irradiance
PRECTOTCORR,1991,AUG,10.11,8,31,mm/day,Corrected precipitation
RH2M,1991,AUG,91.09,8,31,%,Relative humidity at 2 m
T2M,1991,AUG,23.33,8,31,C,Temperature at 2 m
T2M_MAX,1991,AUG,26.93,8,31,C,Temperature at 2 m maximum
T2M_MIN,1991,AUG,20.88,8,31,C,Temperature at 2 m minimum
WS10M,1991,AUG,3.21,8,31,m/s,Wind speed at 10 m
ALLSKY_SFC_SW_DWN,1991,SEP,19.74,9,30,MJ/m^2/day,All-sky surface shortwave downward irradiance
PRECTOTCORR,1991,SEP,1.06,9,30,mm/day,Corrected precipitation
RH2M,1991,SEP,88.4,9,30,%,Relative humidity at 2 m
T2M,1991,SEP,24.09,9,30,C,Temperature at 2 m
T2M_MAX,1991,SEP,29.19,9,30,C,Temperature at 2 m maximum
T2M_MIN,1991,SEP,20.37,9,30,C,Temperature at 2 m minimum
WS10M,1991,SEP,2.47,9,30,m/s,Wind speed at 10 m
ALLSKY_SFC_SW_DWN,1991,OCT,17.46,10,31,MJ/m^2/day,All-sky surface shortwave downward irradiance
PRECTOTCORR,1991,OCT,4.62,10,31,mm/day,Corrected precipitation
RH2M,1991,OCT,86.23,10,31,%,Relative humidity at 2 m
T2M,1991,OCT,24.38,10,31,C,Temperature at 2 m
T2M_MAX,1991,OCT,30.34,10,31,C,Temperature at 2 m maximum
T2M_MIN,1991,OCT,21.44,10,31,C,Temperature at 2 m minimum
WS10M,1991,OCT,1.98,10,31,m/s,Wind speed at 10 m
ALLSKY_SFC_SW_DWN,1991,NOV,17.9,11,30,MJ/m^2/day,All-sky surface shortwave downward irradiance
PRECTOTCORR,1991,NOV,2.56,11,30,mm/day,Corrected precipitation
RH2M,1991,NOV,81.5,11,30,%,Relative humidity at 2 m
T2M,1991,NOV,23.76,11,30,C,Temperature at 2 m
T2M_MAX,1991,NOV,29.45,11,30,C,Temperature at 2 m maximum
T2M_MIN,1991,NOV,16.04,11,30,C,Temperature at 2 m minimum
WS10M,1991,NOV,1.96,11,30,m/s,Wind speed at 10 m
ALLSKY_SFC_SW_DWN,1991,DEC,18.28,12,31,MJ/m^2/day,All-sky surface shortwave downward irradiance
PRECTOTCORR,1991,DEC,0.15,12,31,mm/day,Corrected precipitation
RH2M,1991,DEC,70.2,12,31,%,Relative humidity at 2 m
T2M,1991,DEC,23.41,12,31,C,Temperature at 2 m
T2M_MAX,1991,DEC,31.97,12,31,C,Temperature at 2 m maximum
T2M_MIN,1991,DEC,15.99,12,31,C,Temperature at 2 m minimum
WS10M,1991,DEC,2.43,12,31,m/s,Wind speed at 10 m
ALLSKY_SFC_SW_DWN,1992,JAN,19.48,1,31,MJ/m^2/day,All-sky surface shortwave downward irradiance
PRECTOTCORR,1992,JAN,0.0,1,31,mm/day,Corrected precipitation
RH2M,1992,JAN,54.74,1,31,%,Relative humidity at 2 m
T2M,1992,JAN,23.88,1,31,C,Temperature at 2 m
T2M_MAX,1992,JAN,33.87,1,31,C,Temperature at 2 m maximum
T2M_MIN,1992,JAN,15.34,1,31,C,Temperature at 2 m minimum
WS10M,1992,JAN,2.65,1,31,m/s,Wind speed at 10 m
ALLSKY_SFC_SW_DWN,1992,FEB,21.03,2,29,MJ/m^2/day,All-sky surface shortwave downward irradiance
PRECTOTCORR,1992,FEB,0.01,2,29,mm/day,Corrected precipitation
RH2M,1992,FEB,60.53,2,29,%,Relative humidity at 2 m
T2M,1992,FEB,26.56,2,29,C,Temperature at 2 m
T2M_MAX,1992,FEB,36.67,2,29,C,Temperature at 2 m maximum
T2M_MIN,1992,FEB,19.6,2,29,C,Temperature at 2 m minimum
WS10M,1992,FEB,2.01,2,29,m/s,Wind speed at 10 m
ALLSKY_SFC_SW_DWN,1992,MAR,23.72,3,31,MJ/m^2/day,All-sky surface shortwave downward irradiance
PRECTOTCORR,1992,MAR,0.0,3,31,mm/day,Corrected precipitation
RH2M,1992,MAR,54.78,3,31,%,Relative humidity at 2 m
T2M,1992,MAR,28.32,3,31,C,Temperature at 2 m
T2M_MAX,1992,MAR,38.68,3,31,C,Temperature at 2 m maximum
T2M_MIN,1992,MAR,18.6,3,31,C,Temperature at 2 m minimum
WS10M,1992,MAR,1.8,3,31,m/s,Wind speed at 10 m
ALLSKY_SFC_SW_DWN,1992,APR,22.57,4,30,MJ/m^2/day,All-sky surface shortwave downward irradiance
PRECTOTCORR,1992,APR,2.02,4,30,mm/day,Corrected precipitation
RH2M,1992,APR,64.53,4,30,%,Relative humidity at 2 m
T2M,1992,APR,28.64,4,30,C,Temperature at 2 m
T2M_MAX,1992,APR,38.32,4,30,C,Temperature at 2 m maximum
T2M_MIN,1992,APR,22.38,4,30,C,Temperature at 2 m minimum
WS10M,1992,APR,2.31,4,30,m/s,Wind speed at 10 m
ALLSKY_SFC_SW_DWN,1992,MAY,19.62,5,31,MJ/m^2/day,All-sky surface shortwave downward irradiance
PRECTOTCORR,1992,MAY,5.6,5,31,mm/day,Corrected precipitation
RH2M,1992,MAY,80.27,5,31,%,Relative humidity at 2 m
T2M,1992,MAY,26.47,5,31,C,Temperature at 2 m
T2M_MAX,1992,MAY,34.89,5,31,C,Temperature at 2 m maximum
T2M_MIN,1992,MAY,21.79,5,31,C,Temperature at 2 m minimum
WS10M,1992,MAY,2.43,5,31,m/s,Wind speed at 10 m
ALLSKY_SFC_SW_DWN,1992,JUN,15.27,6,30,MJ/m^2/day,All-sky surface shortwave downward irradiance
PRECTOTCORR,1992,JUN,16.55,6,30,mm/day,Corrected precipitation
RH2M,1992,JUN,89.63,6,30,%,Relative humidity at 2 m
T2M,1992,JUN,24.57,6,30,C,Temperature at 2 m
T2M_MAX,1992,JUN,30.58,6,30,C,Temperature at 2 m maximum
T2M_MIN,1992,JUN,21.85,6,30,C,Temperature at 2 m minimum
WS10M,1992,JUN,3.55,6,30,m/s,Wind speed at 10 m
ALLSKY_SFC_SW_DWN,1992,JUL,14.63,7,31,MJ/m^2/day,All-sky surface shortwave downward irradiance
PRECTOTCORR,1992,JUL,16.23,7,31,mm/day,Corrected precipitation
RH2M,1992,JUL,92.49,7,31,%,Relative humidity at 2 m
T2M,1992,JUL,23.32,7,31,C,Temperature at 2 m
T2M_MAX,1992,JUL,27.13,7,31,C,Temperature at 2 m maximum
T2M_MIN,1992,JUL,21.14,7,31,C,Temperature at 2 m minimum
WS10M,1992,JUL,3.52,7,31,m/s,Wind speed at 10 m
ALLSKY_SFC_SW_DWN,1992,AUG,15.72,8,31,MJ/m^2/day,All-sky surface shortwave downward irradiance
PRECTOTCORR,1992,AUG,9.11,8,31,mm/day,Corrected precipitation
RH2M,1992,AUG,92.27,8,31,%,Relative humidity at 2 m
T2M,1992,AUG,23.45,8,31,C,Temperature at 2 m
T2M_MAX,1992,AUG,28.07,8,31,C,Temperature at 2 m maximum
T2M_MIN,1992,AUG,21.21,8,31,C,Temperature at 2 m minimum
WS10M,1992,AUG,3.5,8,31,m/s,Wind speed at 10 m
ALLSKY_SFC_SW_DWN,1992,SEP,17.31,9,30,MJ/m^2/day,All-sky surface shortwave downward irradiance
PRECTOTCORR,1992,SEP,6.3,9,30,mm/day,Corrected precipitation
RH2M,1992,SEP,90.65,9,30,%,Relative humidity at 2 m
T2M,1992,SEP,23.54,9,30,C,Temperature at 2 m
T2M_MAX,1992,SEP,27.76,9,30,C,Temperature at 2 m maximum
T2M_MIN,1992,SEP,20.83,9,30,C,Temperature at 2 m minimum
WS10M,1992,SEP,2.75,9,30,m/s,Wind speed at 10 m
ALLSKY_SFC_SW_DWN,1992,OCT,16.92,10,31,MJ/m^2/day,All-sky surface shortwave downward irradiance
PRECTOTCORR,1992,OCT,7.12,10,31,mm/day,Corrected precipitation
RH2M,1992,OCT,88.74,10,31,%,Relative humidity at 2 m
T2M,1992,OCT,23.93,10,31,C,Temperature at 2 m
T2M_MAX,1992,OCT,28.72,10,31,C,Temperature at 2 m maximum
T2M_MIN,1992,OCT,19.93,10,31,C,Temperature at 2 m minimum
WS10M,1992,OCT,1.86,10,31,m/s,Wind speed at 10 m
ALLSKY_SFC_SW_DWN,1992,NOV,16.69,11,30,MJ/m^2/day,All-sky surface shortwave downward irradiance
PRECTOTCORR,1992,NOV,8.05,11,30,mm/day,Corrected precipitation
RH2M,1992,NOV,87.2,11,30,%,Relative humidity at 2 m
T2M,1992,NOV,23.53,11,30,C,Temperature at 2 m
T2M_MAX,1992,NOV,28.82,11,30,C,Temperature at 2 m maximum
T2M_MIN,1992,NOV,18.86,11,30,C,Temperature at 2 m minimum
WS10M,1992,NOV,2.0,11,30,m/s,Wind speed at 10 m
ALLSKY_SFC_SW_DWN,1992,DEC,18.46,12,31,MJ/m^2/day,All-sky surface shortwave downward irradiance
PRECTOTCORR,1992,DEC,0.15,12,31,mm/day,Corrected precipitation
RH2M,1992,DEC,78.73,12,31,%,Relative humidity at 2 m
T2M,1992,DEC,21.76,12,31,C,Temperature at 2 m
T2M_MAX,1992,DEC,28.56,12,31,C,Temperature at 2 m maximum
T2M_MIN,1992,DEC,14.6,12,31,C,Temperature at 2 m minimum
WS10M,1992,DEC,2.82,12,31,m/s,Wind speed at 10 m
ALLSKY_SFC_SW_DWN,1993,JAN,19.34,1,31,MJ/m^2/day,All-sky surface shortwave downward irradiance
PRECTOTCORR,1993,JAN,0.0,1,31,mm/day,Corrected precipitation
RH2M,1993,JAN,63.51,1,31,%,Relative humidity at 2 m
T2M,1993,JAN,23.13,1,31,C,Temperature at 2 m
T2M_MAX,1993,JAN,34.15,1,31,C,Temperature at 2 m maximum
T2M_MIN,1993,JAN,14.46,1,31,C,Temperature at 2 m minimum
WS10M,1993,JAN,2.35,1,31,m/s,Wind speed at 10 m
ALLSKY_SFC_SW_DWN,1993,FEB,20.72,2,28,MJ/m^2/day,All-sky surface shortwave downward irradiance
PRECTOTCORR,1993,FEB,0.5,2,28,mm/day,Corrected precipitation
RH2M,1993,FEB,58.68,2,28,%,Relative humidity at 2 m
T2M,1993,FEB,25.4,2,28,C,Temperature at 2 m
T2M_MAX,1993,FEB,36.2,2,28,C,Temperature at 2 m maximum
T2M_MIN,1993,FEB,16.16,2,28,C,Temperature at 2 m minimum
WS10M,1993,FEB,2.3,2,28,m/s,Wind speed at 10 m
ALLSKY_SFC_SW_DWN,1993,MAR,22.54,3,31,MJ/m^2/day,All-sky surface shortwave downward irradiance
PRECTOTCORR,1993,MAR,0.55,3,31,mm/day,Corrected precipitation
RH2M,1993,MAR,61.3,3,31,%,Relative humidity at 2 m
T2M,1993,MAR,27.51,3,31,C,Temperature at 2 m
T2M_MAX,1993,MAR,37.16,3,31,C,Temperature at 2 m maximum
T2M_MIN,1993,MAR,18.88,3,31,C,Temperature at 2 m minimum
WS10M,1993,MAR,2.15,3,31,m/s,Wind speed at 10 m
ALLSKY_SFC_SW_DWN,1993,APR,22.99,4,30,MJ/m^2/day,All-sky surface shortwave downward irradiance
PRECTOTCORR,1993,APR,0.83,4,30,mm/day,Corrected precipitation
RH2M,1993,APR,63.8,4,30,%,Relative humidity at 2 m
T2M,1993,APR,28.86,4,30,C,Temperature at 2 m
T2M_MAX,1993,APR,38.66,4,30,C,Temperature at 2 m maximum
T2M_MIN,1993,APR,22.1,4,30,C,Temperature at 2 m minimum
WS10M,1993,APR,2.11,4,30,m/s,Wind speed at 10 m
ALLSKY_SFC_SW_DWN,1993,MAY,18.67,5,31,MJ/m^2/day,All-sky surface shortwave downward irradiance
PRECTOTCORR,1993,MAY,4.82,5,31,mm/day,Corrected precipitation
RH2M,1993,MAY,77.82,5,31,%,Relative humidity at 2 m
T2M,1993,MAY,26.94,5,31,C,Temperature at 2 m
T2M_MAX,1993,MAY,35.31,5,31,C,Temperature at 2 m maximum
T2M_MIN,1993,MAY,22.6,5,31,C,Temperature at 2 m minimum
WS10M,1993,MAY,2.41,5,31,m/s,Wind speed at 10 m
ALLSKY_SFC_SW_DWN,1993,JUN,16.35,6,30,MJ/m^2/day,All-sky surface shortwave downward irradiance
PRECTOTCORR,1993,JUN,15.83,6,30,mm/day,Corrected precipitation
RH2M,1993,JUN,90.32,6,30,%,Relative humidity at 2 m
T2M,1993,JUN,24.52,6,30,C,Temperature at 2 m
T2M_MAX,1993,JUN,29.33,6,30,C,Temperature at 2 m maximum
T2M_MIN,1993,JUN,21.9,6,30,C,Temperature at 2 m minimum
WS10M,1993,JUN,3.18,6,30,m/s,Wind speed at 10 m
ALLSKY_SFC_SW_DWN,1993,JUL,14.75,7,31,MJ/m^2/day,All-sky surface shortwave downward irradiance
PRECTOTCORR,1993,JUL,14.02,7,31,mm/day,Corrected precipitation
RH2M,1993,JUL,91.29,7,31,%,Relative humidity at 2 m
T2M,1993,JUL,23.52,7,31,C,Temperature at 2 m
T2M_MAX,1993,JUL,26.74,7,31,C,Temperature at 2 m maximum
T2M_MIN,1993,JUL,21.05,7,31,C,Temperature at 2 m minimum
WS10M,1993,JUL,3.94,7,31,m/s,Wind speed at 10 m
ALLSKY_SFC_SW_DWN,1993,AUG,17.1,8,31,MJ/m^2/day,All-sky surface shortwave downward irradiance
PRECTOTCORR,1993,AUG,5.0,8,31,mm/day,Corrected precipitation
RH2M,1993,AUG,90.95,8,31,%,Relative humidity at 2 m
T2M,1993,AUG,23.47,8,31,C,Temperature at 2 m
T2M_MAX,1993,AUG,27.28,8,31,C,Temperature at 2 m maximum
T2M_MIN,1993,AUG,20.87,8,31,C,Temperature at 2 m minimum
WS10M,1993,AUG,3.25,8,31,m/s,Wind speed at 10 m
ALLSKY_SFC_SW_DWN,1993,SEP,19.71,9,30,MJ/m^2/day,All-sky surface shortwave downward irradiance
PRECTOTCORR,1993,SEP,1.45,9,30,mm/day,Corrected precipitation
RH2M,1993,SEP,88.14,9,30,%,Relative humidity at 2 m
T2M,1993,SEP,23.79,9,30,C,Temperature at 2 m
T2M_MAX,1993,SEP,28.35,9,30,C,Temperature at 2 m maximum
T2M_MIN,1993,SEP,20.07,9,30,C,Temperature at 2 m minimum
WS10M,1993,SEP,2.41,9,30,m/s,Wind speed at 10 m
ALLSKY_SFC_SW_DWN,1993,OCT,15.71,10,31,MJ/m^2/day,All-sky surface shortwave downward irradiance
PRECTOTCORR,1993,OCT,10.9,10,31,mm/day,Corrected precipitation
RH2M,1993,OCT,89.44,10,31,%,Relative humidity at 2 m
T2M,1993,OCT,24.01,10,31,C,Temperature at 2 m
T2M_MAX,1993,OCT,29.14,10,31,C,Temperature at 2 m maximum
T2M_MIN,1993,OCT,19.44,10,31,C,Temperature at 2 m minimum
WS10M,1993,OCT,2.09,10,31,m/s,Wind speed at 10 m
ALLSKY_SFC_SW_DWN,1993,NOV,16.43,11,30,MJ/m^2/day,All-sky surface shortwave downward irradiance
PRECTOTCORR,1993,NOV,5.56,11,30,mm/day,Corrected precipitation
RH2M,1993,NOV,86.38,11,30,%,Relative humidity at 2 m
T2M,1993,NOV,23.57,11,30,C,Temperature at 2 m
T2M_MAX,1993,NOV,28.47,11,30,C,Temperature at 2 m maximum
T2M_MIN,1993,NOV,17.42,11,30,C,Temperature at 2 m minimum
WS10M,1993,NOV,2.12,11,30,m/s,Wind speed at 10 m
ALLSKY_SFC_SW_DWN,1993,DEC,17.15,12,31,MJ/m^2/day,All-sky surface shortwave downward irradiance
PRECTOTCORR,1993,DEC,1.63,12,31,mm/day,Corrected precipitation
RH2M,1993,DEC,80.94,12,31,%,Relative humidity at 2 m
T2M,1993,DEC,22.72,12,31,C,Temperature at 2 m
T2M_MAX,1993,DEC,29.22,12,31,C,Temperature at 2 m maximum
T2M_MIN,1993,DEC,16.31,12,31,C,Temperature at 2 m minimum
WS10M,1993,DEC,2.38,12,31,m/s,Wind speed at 10 m
ALLSKY_SFC_SW_DWN,1994,JAN,18.84,1,31,MJ/m^2/day,All-sky surface shortwave downward irradiance
PRECTOTCORR,1994,JAN,1.1,1,31,mm/day,Corrected precipitation
RH2M,1994,JAN,71.0,1,31,%,Relative humidity at 2 m
T2M,1994,JAN,23.77,1,31,C,Temperature at 2 m
T2M_MAX,1994,JAN,32.76,1,31,C,Temperature at 2 m maximum
T2M_MIN,1994,JAN,15.83,1,31,C,Temperature at 2 m minimum
WS10M,1994,JAN,2.39,1,31,m/s,Wind speed at 10 m
ALLSKY_SFC_SW_DWN,1994,FEB,20.77,2,28,MJ/m^2/day,All-sky surface shortwave downward irradiance
PRECTOTCORR,1994,FEB,0.24,2,28,mm/day,Corrected precipitation
RH2M,1994,FEB,65.13,2,28,%,Relative humidity at 2 m
T2M,1994,FEB,26.05,2,28,C,Temperature at 2 m
T2M_MAX,1994,FEB,35.54,2,28,C,Temperature at 2 m maximum
T2M_MIN,1994,FEB,16.93,2,28,C,Temperature at 2 m minimum
WS10M,1994,FEB,1.84,2,28,m/s,Wind speed at 10 m
ALLSKY_SFC_SW_DWN,1994,MAR,23.23,3,31,MJ/m^2/day,All-sky surface shortwave downward irradiance
PRECTOTCORR,1994,MAR,0.11,3,31,mm/day,Corrected precipitation
RH2M,1994,MAR,57.67,3,31,%,Relative humidity at 2 m
T2M,1994,MAR,27.98,3,31,C,Temperature at 2 m
T2M_MAX,1994,MAR,38.18,3,31,C,Temperature at 2 m maximum
T2M_MIN,1994,MAR,17.66,3,31,C,Temperature at 2 m minimum
WS10M,1994,MAR,1.96,3,31,m/s,Wind speed at 10 m
ALLSKY_SFC_SW_DWN,1994,APR,21.41,4,30,MJ/m^2/day,All-sky surface shortwave downward irradiance
PRECTOTCORR,1994,APR,4.46,4,30,mm/day,Corrected precipitation
RH2M,1994,APR,77.07,4,30,%,Relative humidity at 2 m
T2M,1994,APR,26.87,4,30,C,Temperature at 2 m
T2M_MAX,1994,APR,35.07,4,30,C,Temperature at 2 m maximum
T2M_MIN,1994,APR,21.78,4,30,C,Temperature at 2 m minimum
WS10M,1994,APR,1.81,4,30,m/s,Wind speed at 10 m
ALLSKY_SFC_SW_DWN,1994,MAY,20.49,5,31,MJ/m^2/day,All-sky surface shortwave downward irradiance
PRECTOTCORR,1994,MAY,3.1,5,31,mm/day,Corrected precipitation
RH2M,1994,MAY,79.03,5,31,%,Relative humidity at 2 m
T2M,1994,MAY,26.68,5,31,C,Temperature at 2 m
T2M_MAX,1994,MAY,34.42,5,31,C,Temperature at 2 m maximum
T2M_MIN,1994,MAY,22.21,5,31,C,Temperature at 2 m minimum
WS10M,1994,MAY,2.77,5,31,m/s,Wind speed at 10 m
ALLSKY_SFC_SW_DWN,1994,JUN,14.36,6,30,MJ/m^2/day,All-sky surface shortwave downward irradiance
PRECTOTCORR,1994,JUN,17.25,6,30,mm/day,Corrected precipitation
RH2M,1994,JUN,90.92,6,30,%,Relative humidity at 2 m
T2M,1994,JUN,24.07,6,30,C,Temperature at 2 m
T2M_MAX,1994,JUN,27.6,6,30,C,Temperature at 2 m maximum
T2M_MIN,1994,JUN,21.41,6,30,C,Temperature at 2 m minimum
WS10M,1994,JUN,3.81,6,30,m/s,Wind speed at 10 m
ALLSKY_SFC_SW_DWN,1994,JUL,13.0,7,31,MJ/m^2/day,All-sky surface shortwave downward irradiance
PRECTOTCORR,1994,JUL,21.13,7,31,mm/day,Corrected precipitation
RH2M,1994,JUL,92.06,7,31,%,Relative humidity at 2 m
T2M,1994,JUL,23.32,7,31,C,Temperature at 2 m
T2M_MAX,1994,JUL,26.33,7,31,C,Temperature at 2 m maximum
T2M_MIN,1994,JUL,21.04,7,31,C,Temperature at 2 m minimum
WS10M,1994,JUL,3.83,7,31,m/s,Wind speed at 10 m
ALLSKY_SFC_SW_DWN,1994,AUG,17.02,8,31,MJ/m^2/day,All-sky surface shortwave downward irradiance
PRECTOTCORR,1994,AUG,7.5,8,31,mm/day,Corrected precipitation
RH2M,1994,AUG,91.68,8,31,%,Relative humidity at 2 m
T2M,1994,AUG,23.43,8,31,C,Temperature at 2 m
T2M_MAX,1994,AUG,27.98,8,31,C,Temperature at 2 m maximum
T2M_MIN,1994,AUG,20.66,8,31,C,Temperature at 2 m minimum
WS10M,1994,AUG,3.19,8,31,m/s,Wind speed at 10 m
ALLSKY_SFC_SW_DWN,1994,SEP,19.76,9,30,MJ/m^2/day,All-sky surface shortwave downward irradiance
PRECTOTCORR,1994,SEP,3.87,9,30,mm/day,Corrected precipitation
RH2M,1994,SEP,88.93,9,30,%,Relative humidity at 2 m
T2M,1994,SEP,23.74,9,30,C,Temperature at 2 m
T2M_MAX,1994,SEP,28.99,9,30,C,Temperature at 2 m maximum
T2M_MIN,1994,SEP,18.97,9,30,C,Temperature at 2 m minimum
WS10M,1994,SEP,2.61,9,30,m/s,Wind speed at 10 m
ALLSKY_SFC_SW_DWN,1994,OCT,18.54,10,31,MJ/m^2/day,All-sky surface shortwave downward irradiance
PRECTOTCORR,1994,OCT,11.49,10,31,mm/day,Corrected precipitation
RH2M,1994,OCT,89.75,10,31,%,Relative humidity at 2 m
T2M,1994,OCT,24.0,10,31,C,Temperature at 2 m
T2M_MAX,1994,OCT,29.11,10,31,C,Temperature at 2 m maximum
T2M_MIN,1994,OCT,20.59,10,31,C,Temperature at 2 m minimum
WS10M,1994,OCT,1.81,10,31,m/s,Wind speed at 10 m
ALLSKY_SFC_SW_DWN,1994,NOV,19.03,11,30,MJ/m^2/day,All-sky surface shortwave downward irradiance
PRECTOTCORR,1994,NOV,4.03,11,30,mm/day,Corrected precipitation
RH2M,1994,NOV,84.68,11,30,%,Relative humidity at 2 m
T2M,1994,NOV,23.79,11,30,C,Temperature at 2 m
T2M_MAX,1994,NOV,28.79,11,30,C,Temperature at 2 m maximum
T2M_MIN,1994,NOV,17.09,11,30,C,Temperature at 2 m minimum
WS10M,1994,NOV,2.01,11,30,m/s,Wind speed at 10 m
ALLSKY_SFC_SW_DWN,1994,DEC,18.88,12,31,MJ/m^2/day,All-sky surface shortwave downward irradiance
PRECTOTCORR,1994,DEC,0.21,12,31,mm/day,Corrected precipitation
RH2M,1994,DEC,72.23,12,31,%,Relative humidity at 2 m
T2M,1994,DEC,22.83,12,31,C,Temperature at 2 m
T2M_MAX,1994,DEC,31.0,12,31,C,Temperature at 2 m maximum
T2M_MIN,1994,DEC,14.45,12,31,C,Temperature at 2 m minimum
WS10M,1994,DEC,2.48,12,31,m/s,Wind speed at 10 m
ALLSKY_SFC_SW_DWN,1995,JAN,19.17,1,31,MJ/m^2/day,All-sky surface shortwave downward irradiance
PRECTOTCORR,1995,JAN,0.57,1,31,mm/day,Corrected precipitation
RH2M,1995,JAN,65.15,1,31,%,Relative humidity at 2 m
T2M,1995,JAN,24.53,1,31,C,Temperature at 2 m
T2M_MAX,1995,JAN,33.42,1,31,C,Temperature at 2 m maximum
T2M_MIN,1995,JAN,15.35,1,31,C,Temperature at 2 m minimum
WS10M,1995,JAN,2.15,1,31,m/s,Wind speed at 10 m
ALLSKY_SFC_SW_DWN,1995,FEB,20.63,2,28,MJ/m^2/day,All-sky surface shortwave downward irradiance
PRECTOTCORR,1995,FEB,0.0,2,28,mm/day,Corrected precipitation
RH2M,1995,FEB,59.76,2,28,%,Relative humidity at 2 m
T2M,1995,FEB,26.84,2,28,C,Temperature at 2 m
T2M_MAX,1995,FEB,35.41,2,28,C,Temperature at 2 m maximum
T2M_MIN,1995,FEB,18.4,2,28,C,Temperature at 2 m minimum
WS10M,1995,FEB,2.15,2,28,m/s,Wind speed at 10 m
ALLSKY_SFC_SW_DWN,1995,MAR,22.25,3,31,MJ/m^2/day,All-sky surface shortwave downward irradiance
PRECTOTCORR,1995,MAR,0.65,3,31,mm/day,Corrected precipitation
RH2M,1995,MAR,55.18,3,31,%,Relative humidity at 2 m
T2M,1995,MAR,27.84,3,31,C,Temperature at 2 m
T2M_MAX,1995,MAR,36.94,3,31,C,Temperature at 2 m maximum
T2M_MIN,1995,MAR,20.01,3,31,C,Temperature at 2 m minimum
WS10M,1995,MAR,1.84,3,31,m/s,Wind speed at 10 m
ALLSKY_SFC_SW_DWN,1995,APR,21.9,4,30,MJ/m^2/day,All-sky surface shortwave downward irradiance
PRECTOTCORR,1995,APR,1.53,4,30,mm/day,Corrected precipitation
RH2M,1995,APR,68.33,4,30,%,Relative humidity at 2 m
T2M,1995,APR,28.19,4,30,C,Temperature at 2 m
T2M_MAX,1995,APR,37.34,4,30,C,Temperature at 2 m maximum
T2M_MIN,1995,APR,22.67,4,30,C,Temperature at 2 m minimum
WS10M,1995,APR,1.84,4,30,m/s,Wind speed at 10 m
ALLSKY_SFC_SW_DWN,1995,MAY,18.3,5,31,MJ/m^2/day,All-sky surface shortwave downward irradiance
PRECTOTCORR,1995,MAY,7.24,5,31,mm/day,Corrected precipitation
RH2M,1995,MAY,82.87,5,31,%,Relative humidity at 2 m
T2M,1995,MAY,25.95,5,31,C,Temperature at 2 m
T2M_MAX,1995,MAY,34.1,5,31,C,Temperature at 2 m maximum
T2M_MIN,1995,MAY,22.35,5,31,C,Temperature at 2 m minimum
WS10M,1995,MAY,2.57,5,31,m/s,Wind speed at 10 m
ALLSKY_SFC_SW_DWN,1995,JUN,15.68,6,30,MJ/m^2/day,All-sky surface shortwave downward irradiance
PRECTOTCORR,1995,JUN,14.29,6,30,mm/day,Corrected precipitation
RH2M,1995,JUN,89.49,6,30,%,Relative humidity at 2 m
T2M,1995,JUN,24.55,6,30,C,Temperature at 2 m
T2M_MAX,1995,JUN,31.82,6,30,C,Temperature at 2 m maximum
T2M_MIN,1995,JUN,21.43,6,30,C,Temperature at 2 m minimum
WS10M,1995,JUN,3.28,6,30,m/s,Wind speed at 10 m
ALLSKY_SFC_SW_DWN,1995,JUL,14.09,7,31,MJ/m^2/day,All-sky surface shortwave downward irradiance
PRECTOTCORR,1995,JUL,13.07,7,31,mm/day,Corrected precipitation
RH2M,1995,JUL,92.36,7,31,%,Relative humidity at 2 m
T2M,1995,JUL,23.5,7,31,C,Temperature at 2 m
T2M_MAX,1995,JUL,27.55,7,31,C,Temperature at 2 m maximum
T2M_MIN,1995,JUL,20.96,7,31,C,Temperature at 2 m minimum
WS10M,1995,JUL,3.33,7,31,m/s,Wind speed at 10 m
ALLSKY_SFC_SW_DWN,1995,AUG,15.73,8,31,MJ/m^2/day,All-sky surface shortwave downward irradiance
PRECTOTCORR,1995,AUG,7.98,8,31,mm/day,Corrected precipitation
RH2M,1995,AUG,91.57,8,31,%,Relative humidity at 2 m
T2M,1995,AUG,23.91,8,31,C,Temperature at 2 m
T2M_MAX,1995,AUG,28.03,8,31,C,Temperature at 2 m maximum
T2M_MIN,1995,AUG,21.4,8,31,C,Temperature at 2 m minimum
WS10M,1995,AUG,3.26,8,31,m/s,Wind speed at 10 m
ALLSKY_SFC_SW_DWN,1995,SEP,18.29,9,30,MJ/m^2/day,All-sky surface shortwave downward irradiance
PRECTOTCORR,1995,SEP,5.28,9,30,mm/day,Corrected precipitation
RH2M,1995,SEP,90.31,9,30,%,Relative humidity at 2 m
T2M,1995,SEP,24.03,9,30,C,Temperature at 2 m
T2M_MAX,1995,SEP,28.13,9,30,C,Temperature at 2 m maximum
T2M_MIN,1995,SEP,21.21,9,30,C,Temperature at 2 m minimum
WS10M,1995,SEP,2.83,9,30,m/s,Wind speed at 10 m
ALLSKY_SFC_SW_DWN,1995,OCT,19.16,10,31,MJ/m^2/day,All-sky surface shortwave downward irradiance
PRECTOTCORR,1995,OCT,4.29,10,31,mm/day,Corrected precipitation
RH2M,1995,OCT,87.59,10,31,%,Relative humidity at 2 m
T2M,1995,OCT,24.19,10,31,C,Temperature at 2 m
T2M_MAX,1995,OCT,29.65,10,31,C,Temperature at 2 m maximum
T2M_MIN,1995,OCT,20.02,10,31,C,Temperature at 2 m minimum
WS10M,1995,OCT,1.91,10,31,m/s,Wind speed at 10 m
ALLSKY_SFC_SW_DWN,1995,NOV,17.83,11,30,MJ/m^2/day,All-sky surface shortwave downward irradiance
PRECTOTCORR,1995,NOV,3.46,11,30,mm/day,Corrected precipitation
RH2M,1995,NOV,84.81,11,30,%,Relative humidity at 2 m
T2M,1995,NOV,23.51,11,30,C,Temperature at 2 m
T2M_MAX,1995,NOV,28.41,11,30,C,Temperature at 2 m maximum
T2M_MIN,1995,NOV,17.71,11,30,C,Temperature at 2 m minimum
WS10M,1995,NOV,1.64,11,30,m/s,Wind speed at 10 m
ALLSKY_SFC_SW_DWN,1995,DEC,19.56,12,31,MJ/m^2/day,All-sky surface shortwave downward irradiance
PRECTOTCORR,1995,DEC,0.06,12,31,mm/day,Corrected precipitation
RH2M,1995,DEC,66.96,12,31,%,Relative humidity at 2 m
T2M,1995,DEC,22.85,12,31,C,Temperature at 2 m
T2M_MAX,1995,DEC,30.99,12,31,C,Temperature at 2 m maximum
T2M_MIN,1995,DEC,16.08,12,31,C,Temperature at 2 m minimum
WS10M,1995,DEC,2.47,12,31,m/s,Wind speed at 10 m
ALLSKY_SFC_SW_DWN,1996,JAN,19.2,1,31,MJ/m^2/day,All-sky surface shortwave downward irradiance
PRECTOTCORR,1996,JAN,0.01,1,31,mm/day,Corrected precipitation
RH2M,1996,JAN,57.32,1,31,%,Relative humidity at 2 m
T2M,1996,JAN,24.83,1,31,C,Temperature at 2 m
T2M_MAX,1996,JAN,34.06,1,31,C,Temperature at 2 m maximum
T2M_MIN,1996,JAN,16.27,1,31,C,Temperature at 2 m minimum
WS10M,1996,JAN,2.14,1,31,m/s,Wind speed at 10 m
ALLSKY_SFC_SW_DWN,1996,FEB,20.86,2,29,MJ/m^2/day,All-sky surface shortwave downward irradiance
PRECTOTCORR,1996,FEB,0.28,2,29,mm/day,Corrected precipitation
RH2M,1996,FEB,53.84,2,29,%,Relative humidity at 2 m
T2M,1996,FEB,26.47,2,29,C,Temperature at 2 m
T2M_MAX,1996,FEB,36.69,2,29,C,Temperature at 2 m maximum
T2M_MIN,1996,FEB,16.54,2,29,C,Temperature at 2 m minimum
WS10M,1996,FEB,2.06,2,29,m/s,Wind speed at 10 m
ALLSKY_SFC_SW_DWN,1996,MAR,22.83,3,31,MJ/m^2/day,All-sky surface shortwave downward irradiance
PRECTOTCORR,1996,MAR,0.73,3,31,mm/day,Corrected precipitation
RH2M,1996,MAR,54.32,3,31,%,Relative humidity at 2 m
T2M,1996,MAR,28.11,3,31,C,Temperature at 2 m
T2M_MAX,1996,MAR,38.23,3,31,C,Temperature at 2 m maximum
T2M_MIN,1996,MAR,19.2,3,31,C,Temperature at 2 m minimum
WS10M,1996,MAR,1.86,3,31,m/s,Wind speed at 10 m
ALLSKY_SFC_SW_DWN,1996,APR,20.68,4,30,MJ/m^2/day,All-sky surface shortwave downward irradiance
PRECTOTCORR,1996,APR,2.46,4,30,mm/day,Corrected precipitation
RH2M,1996,APR,73.75,4,30,%,Relative humidity at 2 m
T2M,1996,APR,27.36,4,30,C,Temperature at 2 m
T2M_MAX,1996,APR,36.04,4,30,C,Temperature at 2 m maximum
T2M_MIN,1996,APR,22.67,4,30,C,Temperature at 2 m minimum
WS10M,1996,APR,1.94,4,30,m/s,Wind speed at 10 m
ALLSKY_SFC_SW_DWN,1996,MAY,20.22,5,31,MJ/m^2/day,All-sky surface shortwave downward irradiance
PRECTOTCORR,1996,MAY,1.97,5,31,mm/day,Corrected precipitation
RH2M,1996,MAY,74.28,5,31,%,Relative humidity at 2 m
T2M,1996,MAY,27.33,5,31,C,Temperature at 2 m
T2M_MAX,1996,MAY,36.12,5,31,C,Temperature at 2 m maximum
T2M_MIN,1996,MAY,22.57,5,31,C,Temperature at 2 m minimum
WS10M,1996,MAY,2.63,5,31,m/s,Wind speed at 10 m
ALLSKY_SFC_SW_DWN,1996,JUN,16.43,6,30,MJ/m^2/day,All-sky surface shortwave downward irradiance
PRECTOTCORR,1996,JUN,14.58,6,30,mm/day,Corrected precipitation
RH2M,1996,JUN,86.83,6,30,%,Relative humidity at 2 m
T2M,1996,JUN,24.95,6,30,C,Temperature at 2 m
T2M_MAX,1996,JUN,32.0,6,30,C,Temperature at 2 m maximum
T2M_MIN,1996,JUN,21.96,6,30,C,Temperature at 2 m minimum
WS10M,1996,JUN,3.62,6,30,m/s,Wind speed at 10 m
ALLSKY_SFC_SW_DWN,1996,JUL,14.19,7,31,MJ/m^2/day,All-sky surface shortwave downward irradiance
PRECTOTCORR,1996,JUL,15.45,7,31,mm/day,Corrected precipitation
RH2M,1996,JUL,91.24,7,31,%,Relative humidity at 2 m
T2M,1996,JUL,23.74,7,31,C,Temperature at 2 m
T2M_MAX,1996,JUL,28.59,7,31,C,Temperature at 2 m maximum
T2M_MIN,1996,JUL,21.32,7,31,C,Temperature at 2 m minimum
WS10M,1996,JUL,3.99,7,31,m/s,Wind speed at 10 m
ALLSKY_SFC_SW_DWN,1996,AUG,15.97,8,31,MJ/m^2/day,All-sky surface shortwave downward irradiance
PRECTOTCORR,1996,AUG,7.42,8,31,mm/day,Corrected precipitation
RH2M,1996,AUG,92.25,8,31,%,Relative humidity at 2 m
T2M,1996,AUG,23.21,8,31,C,Temperature at 2 m
T2M_MAX,1996,AUG,27.43,8,31,C,Temperature at 2 m maximum
T2M_MIN,1996,AUG,20.62,8,31,C,Temperature at 2 m minimum
WS10M,1996,AUG,3.25,8,31,m/s,Wind speed at 10 m
ALLSKY_SFC_SW_DWN,1996,SEP,16.98,9,30,MJ/m^2/day,All-sky surface shortwave downward irradiance
PRECTOTCORR,1996,SEP,7.21,9,30,mm/day,Corrected precipitation
RH2M,1996,SEP,91.01,9,30,%,Relative humidity at 2 m
T2M,1996,SEP,23.37,9,30,C,Temperature at 2 m
T2M_MAX,1996,SEP,27.35,9,30,C,Temperature at 2 m maximum
T2M_MIN,1996,SEP,20.16,9,30,C,Temperature at 2 m minimum
WS10M,1996,SEP,2.68,9,30,m/s,Wind speed at 10 m
ALLSKY_SFC_SW_DWN,1996,OCT,18.12,10,31,MJ/m^2/day,All-sky surface shortwave downward irradiance
PRECTOTCORR,1996,OCT,7.68,10,31,mm/day,Corrected precipitation
RH2M,1996,OCT,88.8,10,31,%,Relative humidity at 2 m
T2M,1996,OCT,23.61,10,31,C,Temperature at 2 m
T2M_MAX,1996,OCT,28.05,10,31,C,Temperature at 2 m maximum
T2M_MIN,1996,OCT,19.07,10,31,C,Temperature at 2 m minimum
WS10M,1996,OCT,2.11,10,31,m/s,Wind speed at 10 m
ALLSKY_SFC_SW_DWN,1996,NOV,18.4,11,30,MJ/m^2/day,All-sky surface shortwave downward irradiance
PRECTOTCORR,1996,NOV,1.29,11,30,mm/day,Corrected precipitation
RH2M,1996,NOV,83.55,11,30,%,Relative humidity at 2 m
T2M,1996,NOV,23.75,11,30,C,Temperature at 2 m
T2M_MAX,1996,NOV,28.87,11,30,C,Temperature at 2 m maximum
T2M_MIN,1996,NOV,17.29,11,30,C,Temperature at 2 m minimum
WS10M,1996,NOV,1.78,11,30,m/s,Wind speed at 10 m
ALLSKY_SFC_SW_DWN,1996,DEC,16.57,12,31,MJ/m^2/day,All-sky surface shortwave downward irradiance
PRECTOTCORR,1996,DEC,3.64,12,31,mm/day,Corrected precipitation
RH2M,1996,DEC,79.62,12,31,%,Relative humidity at 2 m
T2M,1996,DEC,22.26,12,31,C,Temperature at 2 m
T2M_MAX,1996,DEC,29.54,12,31,C,Temperature at 2 m maximum
T2M_MIN,1996,DEC,14.66,12,31,C,Temperature at 2 m minimum
WS10M,1996,DEC,2.08,12,31,m/s,Wind speed at 10 m
ALLSKY_SFC_SW_DWN,1997,JAN,19.0,1,31,MJ/m^2/day,All-sky surface shortwave downward irradiance
PRECTOTCORR,1997,JAN,0.05,1,31,mm/day,Corrected precipitation
RH2M,1997,JAN,68.61,1,31,%,Relative humidity at 2 m
T2M,1997,JAN,23.72,1,31,C,Temperature at 2 m
T2M_MAX,1997,JAN,31.99,1,31,C,Temperature at 2 m maximum
T2M_MIN,1997,JAN,15.71,1,31,C,Temperature at 2 m minimum
WS10M,1997,JAN,1.99,1,31,m/s,Wind speed at 10 m
ALLSKY_SFC_SW_DWN,1997,FEB,21.39,2,28,MJ/m^2/day,All-sky surface shortwave downward irradiance
PRECTOTCORR,1997,FEB,0.0,2,28,mm/day,Corrected precipitation
RH2M,1997,FEB,57.91,2,28,%,Relative humidity at 2 m
T2M,1997,FEB,25.74,2,28,C,Temperature at 2 m
T2M_MAX,1997,FEB,35.86,2,28,C,Temperature at 2 m maximum
T2M_MIN,1997,FEB,16.58,2,28,C,Temperature at 2 m minimum
WS10M,1997,FEB,1.89,2,28,m/s,Wind speed at 10 m
ALLSKY_SFC_SW_DWN,1997,MAR,22.71,3,31,MJ/m^2/day,All-sky surface shortwave downward irradiance
PRECTOTCORR,1997,MAR,0.58,3,31,mm/day,Corrected precipitation
RH2M,1997,MAR,59.46,3,31,%,Relative humidity at 2 m
T2M,1997,MAR,28.01,3,31,C,Temperature at 2 m
T2M_MAX,1997,MAR,37.31,3,31,C,Temperature at 2 m maximum
T2M_MIN,1997,MAR,19.03,3,31,C,Temperature at 2 m minimum
WS10M,1997,MAR,1.9,3,31,m/s,Wind speed at 10 m
ALLSKY_SFC_SW_DWN,1997,APR,22.25,4,30,MJ/m^2/day,All-sky surface shortwave downward irradiance
PRECTOTCORR,1997,APR,0.94,4,30,mm/day,Corrected precipitation
RH2M,1997,APR,64.2,4,30,%,Relative humidity at 2 m
T2M,1997,APR,28.08,4,30,C,Temperature at 2 m
T2M_MAX,1997,APR,36.86,4,30,C,Temperature at 2 m maximum
T2M_MIN,1997,APR,21.5,4,30,C,Temperature at 2 m minimum
WS10M,1997,APR,1.96,4,30,m/s,Wind speed at 10 m
ALLSKY_SFC_SW_DWN,1997,MAY,19.14,5,31,MJ/m^2/day,All-sky surface shortwave downward irradiance
PRECTOTCORR,1997,MAY,1.72,5,31,mm/day,Corrected precipitation
RH2M,1997,MAY,72.22,5,31,%,Relative humidity at 2 m
T2M,1997,MAY,27.41,5,31,C,Temperature at 2 m
T2M_MAX,1997,MAY,34.81,5,31,C,Temperature at 2 m maximum
T2M_MIN,1997,MAY,22.21,5,31,C,Temperature at 2 m minimum
WS10M,1997,MAY,2.52,5,31,m/s,Wind speed at 10 m
ALLSKY_SFC_SW_DWN,1997,JUN,17.35,6,30,MJ/m^2/day,All-sky surface shortwave downward irradiance
PRECTOTCORR,1997,JUN,16.65,6,30,mm/day,Corrected precipitation
RH2M,1997,JUN,82.19,6,30,%,Relative humidity at 2 m
T2M,1997,JUN,25.6,6,30,C,Temperature at 2 m
T2M_MAX,1997,JUN,35.08,6,30,C,Temperature at 2 m maximum
T2M_MIN,1997,JUN,21.51,6,30,C,Temperature at 2 m minimum
WS10M,1997,JUN,3.12,6,30,m/s,Wind speed at 10 m
ALLSKY_SFC_SW_DWN,1997,JUL,13.66,7,31,MJ/m^2/day,All-sky surface shortwave downward irradiance
PRECTOTCORR,1997,JUL,25.21,7,31,mm/day,Corrected precipitation
RH2M,1997,JUL,92.85,7,31,%,Relative humidity at 2 m
T2M,1997,JUL,23.84,7,31,C,Temperature at 2 m
T2M_MAX,1997,JUL,26.87,7,31,C,Temperature at 2 m maximum
T2M_MIN,1997,JUL,21.28,7,31,C,Temperature at 2 m minimum
WS10M,1997,JUL,3.78,7,31,m/s,Wind speed at 10 m
ALLSKY_SFC_SW_DWN,1997,AUG,15.32,8,31,MJ/m^2/day,All-sky surface shortwave downward irradiance
PRECTOTCORR,1997,AUG,12.19,8,31,mm/day,Corrected precipitation
RH2M,1997,AUG,91.48,8,31,%,Relative humidity at 2 m
T2M,1997,AUG,23.86,8,31,C,Temperature at 2 m
T2M_MAX,1997,AUG,27.49,8,31,C,Temperature at 2 m maximum
T2M_MIN,1997,AUG,20.28,8,31,C,Temperature at 2 m minimum
WS10M,1997,AUG,3.27,8,31,m/s,Wind speed at 10 m
ALLSKY_SFC_SW_DWN,1997,SEP,19.32,9,30,MJ/m^2/day,All-sky surface shortwave downward irradiance
PRECTOTCORR,1997,SEP,5.21,9,30,mm/day,Corrected precipitation
RH2M,1997,SEP,89.82,9,30,%,Relative humidity at 2 m
T2M,1997,SEP,24.02,9,30,C,Temperature at 2 m
T2M_MAX,1997,SEP,28.06,9,30,C,Temperature at 2 m maximum
T2M_MIN,1997,SEP,21.45,9,30,C,Temperature at 2 m minimum
WS10M,1997,SEP,2.33,9,30,m/s,Wind speed at 10 m
ALLSKY_SFC_SW_DWN,1997,OCT,17.79,10,31,MJ/m^2/day,All-sky surface shortwave downward irradiance
PRECTOTCORR,1997,OCT,7.07,10,31,mm/day,Corrected precipitation
RH2M,1997,OCT,87.39,10,31,%,Relative humidity at 2 m
T2M,1997,OCT,24.74,10,31,C,Temperature at 2 m
T2M_MAX,1997,OCT,29.75,10,31,C,Temperature at 2 m maximum
T2M_MIN,1997,OCT,21.51,10,31,C,Temperature at 2 m minimum
WS10M,1997,OCT,1.38,10,31,m/s,Wind speed at 10 m
ALLSKY_SFC_SW_DWN,1997,NOV,17.14,11,30,MJ/m^2/day,All-sky surface shortwave downward irradiance
PRECTOTCORR,1997,NOV,8.15,11,30,mm/day,Corrected precipitation
RH2M,1997,NOV,88.22,11,30,%,Relative humidity at 2 m
T2M,1997,NOV,24.58,11,30,C,Temperature at 2 m
T2M_MAX,1997,NOV,29.51,11,30,C,Temperature at 2 m maximum
T2M_MIN,1997,NOV,21.2,11,30,C,Temperature at 2 m minimum
WS10M,1997,NOV,1.42,11,30,m/s,Wind speed at 10 m
ALLSKY_SFC_SW_DWN,1997,DEC,16.83,12,31,MJ/m^2/day,All-sky surface shortwave downward irradiance
PRECTOTCORR,1997,DEC,1.99,12,31,mm/day,Corrected precipitation
RH2M,1997,DEC,84.93,12,31,%,Relative humidity at 2 m
T2M,1997,DEC,24.17,12,31,C,Temperature at 2 m
T2M_MAX,1997,DEC,29.18,12,31,C,Temperature at 2 m maximum
T2M_MIN,1997,DEC,18.85,12,31,C,Temperature at 2 m minimum
WS10M,1997,DEC,1.86,12,31,m/s,Wind speed at 10 m
ALLSKY_SFC_SW_DWN,1998,JAN,18.75,1,31,MJ/m^2/day,All-sky surface shortwave downward irradiance
PRECTOTCORR,1998,JAN,0.0,1,31,mm/day,Corrected precipitation
RH2M,1998,JAN,74.48,1,31,%,Relative humidity at 2 m
T2M,1998,JAN,24.01,1,31,C,Temperature at 2 m
T2M_MAX,1998,JAN,32.46,1,31,C,Temperature at 2 m maximum
T2M_MIN,1998,JAN,17.15,1,31,C,Temperature at 2 m minimum
WS10M,1998,JAN,2.31,1,31,m/s,Wind speed at 10 m
ALLSKY_SFC_SW_DWN,1998,FEB,20.22,2,28,MJ/m^2/day,All-sky surface shortwave downward irradiance
PRECTOTCORR,1998,FEB,0.08,2,28,mm/day,Corrected precipitation
RH2M,1998,FEB,62.98,2,28,%,Relative humidity at 2 m
T2M,1998,FEB,26.28,2,28,C,Temperature at 2 m
T2M_MAX,1998,FEB,36.06,2,28,C,Temperature at 2 m maximum
T2M_MIN,1998,FEB,18.0,2,28,C,Temperature at 2 m minimum
WS10M,1998,FEB,2.22,2,28,m/s,Wind speed at 10 m
ALLSKY_SFC_SW_DWN,1998,MAR,22.88,3,31,MJ/m^2/day,All-sky surface shortwave downward irradiance
PRECTOTCORR,1998,MAR,0.21,3,31,mm/day,Corrected precipitation
RH2M,1998,MAR,57.54,3,31,%,Relative humidity at 2 m
T2M,1998,MAR,28.74,3,31,C,Temperature at 2 m
T2M_MAX,1998,MAR,38.56,3,31,C,Temperature at 2 m maximum
T2M_MIN,1998,MAR,21.19,3,31,C,Temperature at 2 m minimum
WS10M,1998,MAR,2.01,3,31,m/s,Wind speed at 10 m
ALLSKY_SFC_SW_DWN,1998,APR,22.22,4,30,MJ/m^2/day,All-sky surface shortwave downward irradiance
PRECTOTCORR,1998,APR,0.56,4,30,mm/day,Corrected precipitation
RH2M,1998,APR,63.76,4,30,%,Relative humidity at 2 m
T2M,1998,APR,29.78,4,30,C,Temperature at 2 m
T2M_MAX,1998,APR,39.07,4,30,C,Temperature at 2 m maximum
T2M_MIN,1998,APR,24.0,4,30,C,Temperature at 2 m minimum
WS10M,1998,APR,2.15,4,30,m/s,Wind speed at 10 m
ALLSKY_SFC_SW_DWN,1998,MAY,21.8,5,31,MJ/m^2/day,All-sky surface shortwave downward irradiance
PRECTOTCORR,1998,MAY,4.45,5,31,mm/day,Corrected precipitation
RH2M,1998,MAY,75.44,5,31,%,Relative humidity at 2 m
T2M,1998,MAY,28.19,5,31,C,Temperature at 2 m
T2M_MAX,1998,MAY,37.7,5,31,C,Temperature at 2 m maximum
T2M_MIN,1998,MAY,24.2,5,31,C,Temperature at 2 m minimum
WS10M,1998,MAY,2.5,5,31,m/s,Wind speed at 10 m
ALLSKY_SFC_SW_DWN,1998,JUN,14.24,6,30,MJ/m^2/day,All-sky surface shortwave downward irradiance
PRECTOTCORR,1998,JUN,15.36,6,30,mm/day,Corrected precipitation
RH2M,1998,JUN,85.96,6,30,%,Relative humidity at 2 m
T2M,1998,JUN,25.49,6,30,C,Temperature at 2 m
T2M_MAX,1998,JUN,32.44,6,30,C,Temperature at 2 m maximum
T2M_MIN,1998,JUN,22.85,6,30,C,Temperature at 2 m minimum
WS10M,1998,JUN,3.74,6,30,m/s,Wind speed at 10 m
ALLSKY_SFC_SW_DWN,1998,JUL,14.93,7,31,MJ/m^2/day,All-sky surface shortwave downward irradiance
PRECTOTCORR,1998,JUL,13.27,7,31,mm/day,Corrected precipitation
RH2M,1998,JUL,92.91,7,31,%,Relative humidity at 2 m
T2M,1998,JUL,23.76,7,31,C,Temperature at 2 m
T2M_MAX,1998,JUL,27.35,7,31,C,Temperature at 2 m maximum
T2M_MIN,1998,JUL,21.5,7,31,C,Temperature at 2 m minimum
WS10M,1998,JUL,3.33,7,31,m/s,Wind speed at 10 m
ALLSKY_SFC_SW_DWN,1998,AUG,16.13,8,31,MJ/m^2/day,All-sky surface shortwave downward irradiance
PRECTOTCORR,1998,AUG,6.9,8,31,mm/day,Corrected precipitation
RH2M,1998,AUG,92.07,8,31,%,Relative humidity at 2 m
T2M,1998,AUG,23.95,8,31,C,Temperature at 2 m
T2M_MAX,1998,AUG,28.18,8,31,C,Temperature at 2 m maximum
T2M_MIN,1998,AUG,21.65,8,31,C,Temperature at 2 m minimum
WS10M,1998,AUG,2.85,8,31,m/s,Wind speed at 10 m
ALLSKY_SFC_SW_DWN,1998,SEP,16.34,9,30,MJ/m^2/day,All-sky surface shortwave downward irradiance
PRECTOTCORR,1998,SEP,11.53,9,30,mm/day,Corrected precipitation
RH2M,1998,SEP,91.82,9,30,%,Relative humidity at 2 m
T2M,1998,SEP,23.79,9,30,C,Temperature at 2 m
T2M_MAX,1998,SEP,28.05,9,30,C,Temperature at 2 m maximum
T2M_MIN,1998,SEP,20.98,9,30,C,Temperature at 2 m minimum
WS10M,1998,SEP,2.87,9,30,m/s,Wind speed at 10 m
ALLSKY_SFC_SW_DWN,1998,OCT,15.91,10,31,MJ/m^2/day,All-sky surface shortwave downward irradiance
PRECTOTCORR,1998,OCT,8.65,10,31,mm/day,Corrected precipitation
RH2M,1998,OCT,90.76,10,31,%,Relative humidity at 2 m
T2M,1998,OCT,23.69,10,31,C,Temperature at 2 m
T2M_MAX,1998,OCT,28.33,10,31,C,Temperature at 2 m maximum
T2M_MIN,1998,OCT,17.91,10,31,C,Temperature at 2 m minimum
WS10M,1998,OCT,2.37,10,31,m/s,Wind speed at 10 m
ALLSKY_SFC_SW_DWN,1998,NOV,17.25,11,30,MJ/m^2/day,All-sky surface shortwave downward irradiance
PRECTOTCORR,1998,NOV,2.85,11,30,mm/day,Corrected precipitation
RH2M,1998,NOV,86.47,11,30,%,Relative humidity at 2 m
T2M,1998,NOV,23.55,11,30,C,Temperature at 2 m
T2M_MAX,1998,NOV,28.68,11,30,C,Temperature at 2 m maximum
T2M_MIN,1998,NOV,18.41,11,30,C,Temperature at 2 m minimum
WS10M,1998,NOV,1.59,11,30,m/s,Wind speed at 10 m
ALLSKY_SFC_SW_DWN,1998,DEC,16.16,12,31,MJ/m^2/day,All-sky surface shortwave downward irradiance
PRECTOTCORR,1998,DEC,2.74,12,31,mm/day,Corrected precipitation
RH2M,1998,DEC,80.79,12,31,%,Relative humidity at 2 m
T2M,1998,DEC,23.03,12,31,C,Temperature at 2 m
T2M_MAX,1998,DEC,29.04,12,31,C,Temperature at 2 m maximum
T2M_MIN,1998,DEC,15.79,12,31,C,Temperature at 2 m minimum
WS10M,1998,DEC,2.12,12,31,m/s,Wind speed at 10 m
ALLSKY_SFC_SW_DWN,1999,JAN,20.58,1,31,MJ/m^2/day,All-sky surface shortwave downward irradiance
PRECTOTCORR,1999,JAN,0.0,1,31,mm/day,Corrected precipitation
RH2M,1999,JAN,65.73,1,31,%,Relative humidity at 2 m
T2M,1999,JAN,23.64,1,31,C,Temperature at 2 m
T2M_MAX,1999,JAN,32.76,1,31,C,Temperature at 2 m maximum
T2M_MIN,1999,JAN,15.97,1,31,C,Temperature at 2 m minimum
WS10M,1999,JAN,2.06,1,31,m/s,Wind speed at 10 m
ALLSKY_SFC_SW_DWN,1999,FEB,21.98,2,28,MJ/m^2/day,All-sky surface shortwave downward irradiance
PRECTOTCORR,1999,FEB,0.1,2,28,mm/day,Corrected precipitation
RH2M,1999,FEB,54.1,2,28,%,Relative humidity at 2 m
T2M,1999,FEB,26.71,2,28,C,Temperature at 2 m
T2M_MAX,1999,FEB,36.28,2,28,C,Temperature at 2 m maximum
T2M_MIN,1999,FEB,18.02,2,28,C,Temperature at 2 m minimum
WS10M,1999,FEB,1.98,2,28,m/s,Wind speed at 10 m
ALLSKY_SFC_SW_DWN,1999,MAR,23.6,3,31,MJ/m^2/day,All-sky surface shortwave downward irradiance
PRECTOTCORR,1999,MAR,0.79,3,31,mm/day,Corrected precipitation
RH2M,1999,MAR,59.65,3,31,%,Relative humidity at 2 m
T2M,1999,MAR,28.63,3,31,C,Temperature at 2 m
T2M_MAX,1999,MAR,38.25,3,31,C,Temperature at 2 m maximum
T2M_MIN,1999,MAR,20.04,3,31,C,Temperature at 2 m minimum
WS10M,1999,MAR,1.88,3,31,m/s,Wind speed at 10 m
ALLSKY_SFC_SW_DWN,1999,APR,20.55,4,30,MJ/m^2/day,All-sky surface shortwave downward irradiance
PRECTOTCORR,1999,APR,1.97,4,30,mm/day,Corrected precipitation
RH2M,1999,APR,72.28,4,30,%,Relative humidity at 2 m
T2M,1999,APR,27.22,4,30,C,Temperature at 2 m
T2M_MAX,1999,APR,37.9,4,30,C,Temperature at 2 m maximum
T2M_MIN,1999,APR,21.82,4,30,C,Temperature at 2 m minimum
WS10M,1999,APR,2.89,4,30,m/s,Wind speed at 10 m
ALLSKY_SFC_SW_DWN,1999,MAY,18.04,5,31,MJ/m^2/day,All-sky surface shortwave downward irradiance
PRECTOTCORR,1999,MAY,8.14,5,31,mm/day,Corrected precipitation
RH2M,1999,MAY,85.68,5,31,%,Relative humidity at 2 m
T2M,1999,MAY,25.03,5,31,C,Temperature at 2 m
T2M_MAX,1999,MAY,34.49,5,31,C,Temperature at 2 m maximum
T2M_MIN,1999,MAY,21.88,5,31,C,Temperature at 2 m minimum
WS10M,1999,MAY,2.74,5,31,m/s,Wind speed at 10 m
ALLSKY_SFC_SW_DWN,1999,JUN,16.07,6,30,MJ/m^2/day,All-sky surface shortwave downward irradiance
PRECTOTCORR,1999,JUN,12.5,6,30,mm/day,Corrected precipitation
RH2M,1999,JUN,89.88,6,30,%,Relative humidity at 2 m
T2M,1999,JUN,24.39,6,30,C,Temperature at 2 m
T2M_MAX,1999,JUN,28.52,6,30,C,Temperature at 2 m maximum
T2M_MIN,1999,JUN,21.71,6,30,C,Temperature at 2 m minimum
WS10M,1999,JUN,3.27,6,30,m/s,Wind speed at 10 m
ALLSKY_SFC_SW_DWN,1999,JUL,14.07,7,31,MJ/m^2/day,All-sky surface shortwave downward irradiance
PRECTOTCORR,1999,JUL,11.06,7,31,mm/day,Corrected precipitation
RH2M,1999,JUL,91.3,7,31,%,Relative humidity at 2 m
T2M,1999,JUL,23.44,7,31,C,Temperature at 2 m
T2M_MAX,1999,JUL,27.25,7,31,C,Temperature at 2 m maximum
T2M_MIN,1999,JUL,20.78,7,31,C,Temperature at 2 m minimum
WS10M,1999,JUL,3.69,7,31,m/s,Wind speed at 10 m
ALLSKY_SFC_SW_DWN,1999,AUG,17.5,8,31,MJ/m^2/day,All-sky surface shortwave downward irradiance
PRECTOTCORR,1999,AUG,3.76,8,31,mm/day,Corrected precipitation
RH2M,1999,AUG,91.37,8,31,%,Relative humidity at 2 m
T2M,1999,AUG,23.57,8,31,C,Temperature at 2 m
T2M_MAX,1999,AUG,27.43,8,31,C,Temperature at 2 m maximum
T2M_MIN,1999,AUG,20.54,8,31,C,Temperature at 2 m minimum
WS10M,1999,AUG,2.87,8,31,m/s,Wind speed at 10 m
ALLSKY_SFC_SW_DWN,1999,SEP,19.9,9,30,MJ/m^2/day,All-sky surface shortwave downward irradiance
PRECTOTCORR,1999,SEP,1.17,9,30,mm/day,Corrected precipitation
RH2M,1999,SEP,88.24,9,30,%,Relative humidity at 2 m
T2M,1999,SEP,24.03,9,30,C,Temperature at 2 m
T2M_MAX,1999,SEP,29.42,9,30,C,Temperature at 2 m maximum
T2M_MIN,1999,SEP,20.55,9,30,C,Temperature at 2 m minimum
WS10M,1999,SEP,2.33,9,30,m/s,Wind speed at 10 m
ALLSKY_SFC_SW_DWN,1999,OCT,15.96,10,31,MJ/m^2/day,All-sky surface shortwave downward irradiance
PRECTOTCORR,1999,OCT,13.3,10,31,mm/day,Corrected precipitation
RH2M,1999,OCT,91.62,10,31,%,Relative humidity at 2 m
T2M,1999,OCT,23.79,10,31,C,Temperature at 2 m
T2M_MAX,1999,OCT,28.23,10,31,C,Temperature at 2 m maximum
T2M_MIN,1999,OCT,20.77,10,31,C,Temperature at 2 m minimum
WS10M,1999,OCT,2.05,10,31,m/s,Wind speed at 10 m
ALLSKY_SFC_SW_DWN,1999,NOV,18.37,11,30,MJ/m^2/day,All-sky surface shortwave downward irradiance
PRECTOTCORR,1999,NOV,2.47,11,30,mm/day,Corrected precipitation
RH2M,1999,NOV,82.84,11,30,%,Relative humidity at 2 m
T2M,1999,NOV,23.41,11,30,C,Temperature at 2 m
T2M_MAX,1999,NOV,28.54,11,30,C,Temperature at 2 m maximum
T2M_MIN,1999,NOV,17.49,11,30,C,Temperature at 2 m minimum
WS10M,1999,NOV,1.8,11,30,m/s,Wind speed at 10 m
ALLSKY_SFC_SW_DWN,1999,DEC,18.26,12,31,MJ/m^2/day,All-sky surface shortwave downward irradiance
PRECTOTCORR,1999,DEC,0.49,12,31,mm/day,Corrected precipitation
RH2M,1999,DEC,75.05,12,31,%,Relative humidity at 2 m
T2M,1999,DEC,23.04,12,31,C,Temperature at 2 m
T2M_MAX,1999,DEC,29.65,12,31,C,Temperature at 2 m maximum
T2M_MIN,1999,DEC,15.96,12,31,C,Temperature at 2 m minimum
WS10M,1999,DEC,2.28,12,31,m/s,Wind speed at 10 m
ALLSKY_SFC_SW_DWN,2000,JAN,19.22,1,31,MJ/m^2/day,All-sky surface shortwave downward irradiance
PRECTOTCORR,2000,JAN,0.16,1,31,mm/day,Corrected precipitation
RH2M,2000,JAN,63.69,1,31,%,Relative humidity at 2 m
T2M,2000,JAN,25.03,1,31,C,Temperature at 2 m
T2M_MAX,2000,JAN,34.44,1,31,C,Temperature at 2 m maximum
T2M_MIN,2000,JAN,17.23,1,31,C,Temperature at 2 m minimum
WS10M,2000,JAN,2.18,1,31,m/s,Wind speed at 10 m
ALLSKY_SFC_SW_DWN,2000,FEB,19.83,2,29,MJ/m^2/day,All-sky surface shortwave downward irradiance
PRECTOTCORR,2000,FEB,2.02,2,29,mm/day,Corrected precipitation
RH2M,2000,FEB,66.44,2,29,%,Relative humidity at 2 m
T2M,2000,FEB,25.73,2,29,C,Temperature at 2 m
T2M_MAX,2000,FEB,35.04,2,29,C,Temperature at 2 m maximum
T2M_MIN,2000,FEB,17.81,2,29,C,Temperature at 2 m minimum
WS10M,2000,FEB,2.05,2,29,m/s,Wind speed at 10 m
ALLSKY_SFC_SW_DWN,2000,MAR,23.16,3,31,MJ/m^2/day,All-sky surface shortwave downward irradiance
PRECTOTCORR,2000,MAR,0.19,3,31,mm/day,Corrected precipitation
RH2M,2000,MAR,61.33,3,31,%,Relative humidity at 2 m
T2M,2000,MAR,27.59,3,31,C,Temperature at 2 m
T2M_MAX,2000,MAR,37.66,3,31,C,Temperature at 2 m maximum
T2M_MIN,2000,MAR,18.23,3,31,C,Temperature at 2 m minimum
WS10M,2000,MAR,1.83,3,31,m/s,Wind speed at 10 m
ALLSKY_SFC_SW_DWN,2000,APR,21.22,4,30,MJ/m^2/day,All-sky surface shortwave downward irradiance
PRECTOTCORR,2000,APR,1.26,4,30,mm/day,Corrected precipitation
RH2M,2000,APR,72.81,4,30,%,Relative humidity at 2 m
T2M,2000,APR,27.53,4,30,C,Temperature at 2 m
T2M_MAX,2000,APR,37.12,4,30,C,Temperature at 2 m maximum
T2M_MIN,2000,APR,22.95,4,30,C,Temperature at 2 m minimum
WS10M,2000,APR,2.4,4,30,m/s,Wind speed at 10 m
ALLSKY_SFC_SW_DWN,2000,MAY,20.82,5,31,MJ/m^2/day,All-sky surface shortwave downward irradiance
PRECTOTCORR,2000,MAY,2.68,5,31,mm/day,Corrected precipitation
RH2M,2000,MAY,76.6,5,31,%,Relative humidity at 2 m
T2M,2000,MAY,26.63,5,31,C,Temperature at 2 m
T2M_MAX,2000,MAY,34.39,5,31,C,Temperature at 2 m maximum
T2M_MIN,2000,MAY,22.35,5,31,C,Temperature at 2 m minimum
WS10M,2000,MAY,2.82,5,31,m/s,Wind speed at 10 m
ALLSKY_SFC_SW_DWN,2000,JUN,13.97,6,30,MJ/m^2/day,All-sky surface shortwave downward irradiance
PRECTOTCORR,2000,JUN,12.15,6,30,mm/day,Corrected precipitation
RH2M,2000,JUN,88.03,6,30,%,Relative humidity at 2 m
T2M,2000,JUN,24.22,6,30,C,Temperature at 2 m
T2M_MAX,2000,JUN,28.72,6,30,C,Temperature at 2 m maximum
T2M_MIN,2000,JUN,20.57,6,30,C,Temperature at 2 m minimum
WS10M,2000,JUN,4.0,6,30,m/s,Wind speed at 10 m
ALLSKY_SFC_SW_DWN,2000,JUL,16.68,7,31,MJ/m^2/day,All-sky surface shortwave downward irradiance
PRECTOTCORR,2000,JUL,5.7,7,31,mm/day,Corrected precipitation
RH2M,2000,JUL,89.81,7,31,%,Relative humidity at 2 m
T2M,2000,JUL,23.68,7,31,C,Temperature at 2 m
T2M_MAX,2000,JUL,28.33,7,31,C,Temperature at 2 m maximum
T2M_MIN,2000,JUL,20.53,7,31,C,Temperature at 2 m minimum
WS10M,2000,JUL,3.35,7,31,m/s,Wind speed at 10 m
ALLSKY_SFC_SW_DWN,2000,AUG,14.53,8,31,MJ/m^2/day,All-sky surface shortwave downward irradiance
PRECTOTCORR,2000,AUG,11.21,8,31,mm/day,Corrected precipitation
RH2M,2000,AUG,90.81,8,31,%,Relative humidity at 2 m
T2M,2000,AUG,23.59,8,31,C,Temperature at 2 m
T2M_MAX,2000,AUG,27.86,8,31,C,Temperature at 2 m maximum
T2M_MIN,2000,AUG,20.79,8,31,C,Temperature at 2 m minimum
WS10M,2000,AUG,3.67,8,31,m/s,Wind speed at 10 m
ALLSKY_SFC_SW_DWN,2000,SEP,17.98,9,30,MJ/m^2/day,All-sky surface shortwave downward irradiance
PRECTOTCORR,2000,SEP,3.18,9,30,mm/day,Corrected precipitation
RH2M,2000,SEP,90.2,9,30,%,Relative humidity at 2 m
T2M,2000,SEP,24.14,9,30,C,Temperature at 2 m
T2M_MAX,2000,SEP,28.73,9,30,C,Temperature at 2 m maximum
T2M_MIN,2000,SEP,21.25,9,30,C,Temperature at 2 m minimum
WS10M,2000,SEP,2.27,9,30,m/s,Wind speed at 10 m
ALLSKY_SFC_SW_DWN,2000,OCT,17.5,10,31,MJ/m^2/day,All-sky surface shortwave downward irradiance
PRECTOTCORR,2000,OCT,5.34,10,31,mm/day,Corrected precipitation
RH2M,2000,OCT,87.6,10,31,%,Relative humidity at 2 m
T2M,2000,OCT,23.99,10,31,C,Temperature at 2 m
T2M_MAX,2000,OCT,29.21,10,31,C,Temperature at 2 m maximum
T2M_MIN,2000,OCT,17.77,10,31,C,Temperature at 2 m minimum
WS10M,2000,OCT,2.0,10,31,m/s,Wind speed at 10 m
ALLSKY_SFC_SW_DWN,2000,NOV,16.96,11,30,MJ/m^2/day,All-sky surface shortwave downward irradiance
PRECTOTCORR,2000,NOV,4.16,11,30,mm/day,Corrected precipitation
RH2M,2000,NOV,77.99,11,30,%,Relative humidity at 2 m
T2M,2000,NOV,24.15,11,30,C,Temperature at 2 m
T2M_MAX,2000,NOV,30.18,11,30,C,Temperature at 2 m maximum
T2M_MIN,2000,NOV,17.04,11,30,C,Temperature at 2 m minimum
WS10M,2000,NOV,1.9,11,30,m/s,Wind speed at 10 m
ALLSKY_SFC_SW_DWN,2000,DEC,18.55,12,31,MJ/m^2/day,All-sky surface shortwave downward irradiance
PRECTOTCORR,2000,DEC,0.77,12,31,mm/day,Corrected precipitation
RH2M,2000,DEC,69.62,12,31,%,Relative humidity at 2 m
T2M,2000,DEC,22.86,12,31,C,Temperature at 2 m
T2M_MAX,2000,DEC,32.28,12,31,C,Temperature at 2 m maximum
T2M_MIN,2000,DEC,14.73,12,31,C,Temperature at 2 m minimum
WS10M,2000,DEC,2.29,12,31,m/s,Wind speed at 10 m
ALLSKY_SFC_SW_DWN,2001,JAN,18.27,1,31,MJ/m^2/day,All-sky surface shortwave downward irradiance
PRECTOTCORR,2001,JAN,0.55,1,31,mm/day,Corrected precipitation
RH2M,2001,JAN,64.3,1,31,%,Relative humidity at 2 m
T2M,2001,JAN,25.03,1,31,C,Temperature at 2 m
T2M_MAX,2001,JAN,34.0,1,31,C,Temperature at 2 m maximum
T2M_MIN,2001,JAN,17.35,1,31,C,Temperature at 2 m minimum
WS10M,2001,JAN,2.1,1,31,m/s,Wind speed at 10 m
ALLSKY_SFC_SW_DWN,2001,FEB,21.09,2,28,MJ/m^2/day,All-sky surface shortwave downward irradiance
PRECTOTCORR,2001,FEB,0.35,2,28,mm/day,Corrected precipitation
RH2M,2001,FEB,62.72,2,28,%,Relative humidity at 2 m
T2M,2001,FEB,26.82,2,28,C,Temperature at 2 m
T2M_MAX,2001,FEB,36.2,2,28,C,Temperature at 2 m maximum
T2M_MIN,2001,FEB,18.0,2,28,C,Temperature at 2 m minimum
WS10M,2001,FEB,1.76,2,28,m/s,Wind speed at 10 m
ALLSKY_SFC_SW_DWN,2001,MAR,22.21,3,31,MJ/m^2/day,All-sky surface shortwave downward irradiance
PRECTOTCORR,2001,MAR,0.03,3,31,mm/day,Corrected precipitation
RH2M,2001,MAR,58.79,3,31,%,Relative humidity at 2 m
T2M,2001,MAR,28.26,3,31,C,Temperature at 2 m
T2M_MAX,2001,MAR,37.71,3,31,C,Temperature at 2 m maximum
T2M_MIN,2001,MAR,20.41,3,31,C,Temperature at 2 m minimum
WS10M,2001,MAR,2.23,3,31,m/s,Wind speed at 10 m
ALLSKY_SFC_SW_DWN,2001,APR,19.86,4,30,MJ/m^2/day,All-sky surface shortwave downward irradiance
PRECTOTCORR,2001,APR,7.75,4,30,mm/day,Corrected precipitation
RH2M,2001,APR,78.22,4,30,%,Relative humidity at 2 m
T2M,2001,APR,26.75,4,30,C,Temperature at 2 m
T2M_MAX,2001,APR,36.44,4,30,C,Temperature at 2 m maximum
T2M_MIN,2001,APR,21.96,4,30,C,Temperature at 2 m minimum
WS10M,2001,APR,1.69,4,30,m/s,Wind speed at 10 m
ALLSKY_SFC_SW_DWN,2001,MAY,19.82,5,31,MJ/m^2/day,All-sky surface shortwave downward irradiance
PRECTOTCORR,2001,MAY,5.44,5,31,mm/day,Corrected precipitation
RH2M,2001,MAY,83.27,5,31,%,Relative humidity at 2 m
T2M,2001,MAY,26.13,5,31,C,Temperature at 2 m
T2M_MAX,2001,MAY,33.48,5,31,C,Temperature at 2 m maximum
T2M_MIN,2001,MAY,21.63,5,31,C,Temperature at 2 m minimum
WS10M,2001,MAY,2.51,5,31,m/s,Wind speed at 10 m
ALLSKY_SFC_SW_DWN,2001,JUN,13.74,6,30,MJ/m^2/day,All-sky surface shortwave downward irradiance
PRECTOTCORR,2001,JUN,13.87,6,30,mm/day,Corrected precipitation
RH2M,2001,JUN,90.42,6,30,%,Relative humidity at 2 m
T2M,2001,JUN,24.25,6,30,C,Temperature at 2 m
T2M_MAX,2001,JUN,28.05,6,30,C,Temperature at 2 m maximum
T2M_MIN,2001,JUN,21.57,6,30,C,Temperature at 2 m minimum
WS10M,2001,JUN,3.58,6,30,m/s,Wind speed at 10 m
ALLSKY_SFC_SW_DWN,2001,JUL,14.63,7,31,MJ/m^2/day,All-sky surface shortwave downward irradiance
PRECTOTCORR,2001,JUL,9.98,7,31,mm/day,Corrected precipitation
RH2M,2001,JUL,91.77,7,31,%,Relative humidity at 2 m
T2M,2001,JUL,23.65,7,31,C,Temperature at 2 m
T2M_MAX,2001,JUL,27.31,7,31,C,Temperature at 2 m maximum
T2M_MIN,2001,JUL,20.69,7,31,C,Temperature at 2 m minimum
WS10M,2001,JUL,3.4,7,31,m/s,Wind speed at 10 m
ALLSKY_SFC_SW_DWN,2001,AUG,15.16,8,31,MJ/m^2/day,All-sky surface shortwave downward irradiance
PRECTOTCORR,2001,AUG,6.09,8,31,mm/day,Corrected precipitation
RH2M,2001,AUG,91.26,8,31,%,Relative humidity at 2 m
T2M,2001,AUG,23.74,8,31,C,Temperature at 2 m
T2M_MAX,2001,AUG,27.7,8,31,C,Temperature at 2 m maximum
T2M_MIN,2001,AUG,20.82,8,31,C,Temperature at 2 m minimum
WS10M,2001,AUG,3.25,8,31,m/s,Wind speed at 10 m
ALLSKY_SFC_SW_DWN,2001,SEP,18.85,9,30,MJ/m^2/day,All-sky surface shortwave downward irradiance
PRECTOTCORR,2001,SEP,5.05,9,30,mm/day,Corrected precipitation
RH2M,2001,SEP,89.65,9,30,%,Relative humidity at 2 m
T2M,2001,SEP,23.91,9,30,C,Temperature at 2 m
T2M_MAX,2001,SEP,28.65,9,30,C,Temperature at 2 m maximum
T2M_MIN,2001,SEP,20.72,9,30,C,Temperature at 2 m minimum
WS10M,2001,SEP,2.35,9,30,m/s,Wind speed at 10 m
ALLSKY_SFC_SW_DWN,2001,OCT,16.35,10,31,MJ/m^2/day,All-sky surface shortwave downward irradiance
PRECTOTCORR,2001,OCT,6.92,10,31,mm/day,Corrected precipitation
RH2M,2001,OCT,88.49,10,31,%,Relative humidity at 2 m
T2M,2001,OCT,24.23,10,31,C,Temperature at 2 m
T2M_MAX,2001,OCT,30.11,10,31,C,Temperature at 2 m maximum
T2M_MIN,2001,OCT,20.17,10,31,C,Temperature at 2 m minimum
WS10M,2001,OCT,2.01,10,31,m/s,Wind speed at 10 m
ALLSKY_SFC_SW_DWN,2001,NOV,17.43,11,30,MJ/m^2/day,All-sky surface shortwave downward irradiance
PRECTOTCORR,2001,NOV,3.78,11,30,mm/day,Corrected precipitation
RH2M,2001,NOV,85.01,11,30,%,Relative humidity at 2 m
T2M,2001,NOV,23.99,11,30,C,Temperature at 2 m
T2M_MAX,2001,NOV,29.64,11,30,C,Temperature at 2 m maximum
T2M_MIN,2001,NOV,18.37,11,30,C,Temperature at 2 m minimum
WS10M,2001,NOV,1.65,11,30,m/s,Wind speed at 10 m
ALLSKY_SFC_SW_DWN,2001,DEC,18.1,12,31,MJ/m^2/day,All-sky surface shortwave downward irradiance
PRECTOTCORR,2001,DEC,0.34,12,31,mm/day,Corrected precipitation
RH2M,2001,DEC,73.92,12,31,%,Relative humidity at 2 m
T2M,2001,DEC,23.31,12,31,C,Temperature at 2 m
T2M_MAX,2001,DEC,30.73,12,31,C,Temperature at 2 m maximum
T2M_MIN,2001,DEC,15.42,12,31,C,Temperature at 2 m minimum
WS10M,2001,DEC,2.34,12,31,m/s,Wind speed at 10 m
ALLSKY_SFC_SW_DWN,2002,JAN,18.81,1,31,MJ/m^2/day,All-sky surface shortwave downward irradiance
PRECTOTCORR,2002,JAN,0.08,1,31,mm/day,Corrected precipitation
RH2M,2002,JAN,65.83,1,31,%,Relative humidity at 2 m
T2M,2002,JAN,25.05,1,31,C,Temperature at 2 m
T2M_MAX,2002,JAN,34.74,1,31,C,Temperature at 2 m maximum
T2M_MIN,2002,JAN,15.82,1,31,C,Temperature at 2 m minimum
WS10M,2002,JAN,1.97,1,31,m/s,Wind speed at 10 m
ALLSKY_SFC_SW_DWN,2002,FEB,20.85,2,28,MJ/m^2/day,All-sky surface shortwave downward irradiance
PRECTOTCORR,2002,FEB,0.15,2,28,mm/day,Corrected precipitation
RH2M,2002,FEB,56.05,2,28,%,Relative humidity at 2 m
T2M,2002,FEB,26.6,2,28,C,Temperature at 2 m
T2M_MAX,2002,FEB,36.79,2,28,C,Temperature at 2 m maximum
T2M_MIN,2002,FEB,17.43,2,28,C,Temperature at 2 m minimum
WS10M,2002,FEB,2.24,2,28,m/s,Wind speed at 10 m
ALLSKY_SFC_SW_DWN,2002,MAR,22.82,3,31,MJ/m^2/day,All-sky surface shortwave downward irradiance
PRECTOTCORR,2002,MAR,0.22,3,31,mm/day,Corrected precipitation
RH2M,2002,MAR,55.36,3,31,%,Relative humidity at 2 m
T2M,2002,MAR,28.53,3,31,C,Temperature at 2 m
T2M_MAX,2002,MAR,38.05,3,31,C,Temperature at 2 m maximum
T2M_MIN,2002,MAR,20.23,3,31,C,Temperature at 2 m minimum
WS10M,2002,MAR,1.86,3,31,m/s,Wind speed at 10 m
ALLSKY_SFC_SW_DWN,2002,APR,21.8,4,30,MJ/m^2/day,All-sky surface shortwave downward irradiance
PRECTOTCORR,2002,APR,1.0,4,30,mm/day,Corrected precipitation
RH2M,2002,APR,66.62,4,30,%,Relative humidity at 2 m
T2M,2002,APR,28.7,4,30,C,Temperature at 2 m
T2M_MAX,2002,APR,38.59,4,30,C,Temperature at 2 m maximum
T2M_MIN,2002,APR,23.25,4,30,C,Temperature at 2 m minimum
WS10M,2002,APR,1.96,4,30,m/s,Wind speed at 10 m
ALLSKY_SFC_SW_DWN,2002,MAY,18.3,5,31,MJ/m^2/day,All-sky surface shortwave downward irradiance
PRECTOTCORR,2002,MAY,7.1,5,31,mm/day,Corrected precipitation
RH2M,2002,MAY,81.91,5,31,%,Relative humidity at 2 m
T2M,2002,MAY,26.6,5,31,C,Temperature at 2 m
T2M_MAX,2002,MAY,38.85,5,31,C,Temperature at 2 m maximum
T2M_MIN,2002,MAY,22.4,5,31,C,Temperature at 2 m minimum
WS10M,2002,MAY,2.63,5,31,m/s,Wind speed at 10 m
ALLSKY_SFC_SW_DWN,2002,JUN,16.01,6,30,MJ/m^2/day,All-sky surface shortwave downward irradiance
PRECTOTCORR,2002,JUN,11.18,6,30,mm/day,Corrected precipitation
RH2M,2002,JUN,90.37,6,30,%,Relative humidity at 2 m
T2M,2002,JUN,24.76,6,30,C,Temperature at 2 m
T2M_MAX,2002,JUN,28.75,6,30,C,Temperature at 2 m maximum
T2M_MIN,2002,JUN,22.28,6,30,C,Temperature at 2 m minimum
WS10M,2002,JUN,3.29,6,30,m/s,Wind speed at 10 m
ALLSKY_SFC_SW_DWN,2002,JUL,16.1,7,31,MJ/m^2/day,All-sky surface shortwave downward irradiance
PRECTOTCORR,2002,JUL,6.29,7,31,mm/day,Corrected precipitation
RH2M,2002,JUL,89.44,7,31,%,Relative humidity at 2 m
T2M,2002,JUL,24.36,7,31,C,Temperature at 2 m
T2M_MAX,2002,JUL,28.22,7,31,C,Temperature at 2 m maximum
T2M_MIN,2002,JUL,20.75,7,31,C,Temperature at 2 m minimum
WS10M,2002,JUL,3.45,7,31,m/s,Wind speed at 10 m
ALLSKY_SFC_SW_DWN,2002,AUG,14.88,8,31,MJ/m^2/day,All-sky surface shortwave downward irradiance
PRECTOTCORR,2002,AUG,9.11,8,31,mm/day,Corrected precipitation
RH2M,2002,AUG,90.75,8,31,%,Relative humidity at 2 m
T2M,2002,AUG,23.51,8,31,C,Temperature at 2 m
T2M_MAX,2002,AUG,28.48,8,31,C,Temperature at 2 m maximum
T2M_MIN,2002,AUG,20.38,8,31,C,Temperature at 2 m minimum
WS10M,2002,AUG,3.08,8,31,m/s,Wind speed at 10 m
ALLSKY_SFC_SW_DWN,2002,SEP,21.55,9,30,MJ/m^2/day,All-sky surface shortwave downward irradiance
PRECTOTCORR,2002,SEP,2.88,9,30,mm/day,Corrected precipitation
RH2M,2002,SEP,87.78,9,30,%,Relative humidity at 2 m
T2M,2002,SEP,24.14,9,30,C,Temperature at 2 m
T2M_MAX,2002,SEP,30.4,9,30,C,Temperature at 2 m maximum
T2M_MIN,2002,SEP,20.52,9,30,C,Temperature at 2 m minimum
WS10M,2002,SEP,2.5,9,30,m/s,Wind speed at 10 m
ALLSKY_SFC_SW_DWN,2002,OCT,15.58,10,31,MJ/m^2/day,All-sky surface shortwave downward irradiance
PRECTOTCORR,2002,OCT,12.73,10,31,mm/day,Corrected precipitation
RH2M,2002,OCT,88.59,10,31,%,Relative humidity at 2 m
T2M,2002,OCT,24.56,10,31,C,Temperature at 2 m
T2M_MAX,2002,OCT,30.01,10,31,C,Temperature at 2 m maximum
T2M_MIN,2002,OCT,21.09,10,31,C,Temperature at 2 m minimum
WS10M,2002,OCT,1.87,10,31,m/s,Wind speed at 10 m
ALLSKY_SFC_SW_DWN,2002,NOV,17.26,11,30,MJ/m^2/day,All-sky surface shortwave downward irradiance
PRECTOTCORR,2002,NOV,3.46,11,30,mm/day,Corrected precipitation
RH2M,2002,NOV,84.64,11,30,%,Relative humidity at 2 m
T2M,2002,NOV,24.1,11,30,C,Temperature at 2 m
T2M_MAX,2002,NOV,29.63,11,30,C,Temperature at 2 m maximum
T2M_MIN,2002,NOV,18.37,11,30,C,Temperature at 2 m minimum
WS10M,2002,NOV,1.6,11,30,m/s,Wind speed at 10 m
ALLSKY_SFC_SW_DWN,2002,DEC,18.23,12,31,MJ/m^2/day,All-sky surface shortwave downward irradiance
PRECTOTCORR,2002,DEC,0.02,12,31,mm/day,Corrected precipitation
RH2M,2002,DEC,71.94,12,31,%,Relative humidity at 2 m
T2M,2002,DEC,23.03,12,31,C,Temperature at 2 m
T2M_MAX,2002,DEC,30.37,12,31,C,Temperature at 2 m maximum
T2M_MIN,2002,DEC,15.78,12,31,C,Temperature at 2 m minimum
WS10M,2002,DEC,2.28,12,31,m/s,Wind speed at 10 m
ALLSKY_SFC_SW_DWN,2003,JAN,19.93,1,31,MJ/m^2/day,All-sky surface shortwave downward irradiance
PRECTOTCORR,2003,JAN,0.0,1,31,mm/day,Corrected precipitation
RH2M,2003,JAN,61.98,1,31,%,Relative humidity at 2 m
T2M,2003,JAN,25.22,1,31,C,Temperature at 2 m
T2M_MAX,2003,JAN,34.58,1,31,C,Temperature at 2 m maximum
T2M_MIN,2003,JAN,17.91,1,31,C,Temperature at 2 m minimum
WS10M,2003,JAN,2.07,1,31,m/s,Wind speed at 10 m
ALLSKY_SFC_SW_DWN,2003,FEB,21.37,2,28,MJ/m^2/day,All-sky surface shortwave downward irradiance
PRECTOTCORR,2003,FEB,1.64,2,28,mm/day,Corrected precipitation
RH2M,2003,FEB,64.7,2,28,%,Relative humidity at 2 m
T2M,2003,FEB,27.15,2,28,C,Temperature at 2 m
T2M_MAX,2003,FEB,36.33,2,28,C,Temperature at 2 m maximum
T2M_MIN,2003,FEB,20.72,2,28,C,Temperature at 2 m minimum
WS10M,2003,FEB,1.76,2,28,m/s,Wind speed at 10 m
ALLSKY_SFC_SW_DWN,2003,MAR,22.59,3,31,MJ/m^2/day,All-sky surface shortwave downward irradiance
PRECTOTCORR,2003,MAR,1.56,3,31,mm/day,Corrected precipitation
RH2M,2003,MAR,62.54,3,31,%,Relative humidity at 2 m
T2M,2003,MAR,27.89,3,31,C,Temperature at 2 m
T2M_MAX,2003,MAR,36.53,3,31,C,Temperature at 2 m maximum
T2M_MIN,2003,MAR,19.91,3,31,C,Temperature at 2 m minimum
WS10M,2003,MAR,1.69,3,31,m/s,Wind speed at 10 m
ALLSKY_SFC_SW_DWN,2003,APR,21.32,4,30,MJ/m^2/day,All-sky surface shortwave downward irradiance
PRECTOTCORR,2003,APR,3.77,4,30,mm/day,Corrected precipitation
RH2M,2003,APR,73.36,4,30,%,Relative humidity at 2 m
T2M,2003,APR,27.84,4,30,C,Temperature at 2 m
T2M_MAX,2003,APR,36.8,4,30,C,Temperature at 2 m maximum
T2M_MIN,2003,APR,22.19,4,30,C,Temperature at 2 m minimum
WS10M,2003,APR,1.6,4,30,m/s,Wind speed at 10 m
ALLSKY_SFC_SW_DWN,2003,MAY,19.63,5,31,MJ/m^2/day,All-sky surface shortwave downward irradiance
PRECTOTCORR,2003,MAY,2.5,5,31,mm/day,Corrected precipitation
RH2M,2003,MAY,80.13,5,31,%,Relative humidity at 2 m
T2M,2003,MAY,27.12,5,31,C,Temperature at 2 m
T2M_MAX,2003,MAY,33.93,5,31,C,Temperature at 2 m maximum
T2M_MIN,2003,MAY,23.7,5,31,C,Temperature at 2 m minimum
WS10M,2003,MAY,2.69,5,31,m/s,Wind speed at 10 m
ALLSKY_SFC_SW_DWN,2003,JUN,16.5,6,30,MJ/m^2/day,All-sky surface shortwave downward irradiance
PRECTOTCORR,2003,JUN,15.27,6,30,mm/day,Corrected precipitation
RH2M,2003,JUN,87.47,6,30,%,Relative humidity at 2 m
T2M,2003,JUN,25.04,6,30,C,Temperature at 2 m
T2M_MAX,2003,JUN,32.08,6,30,C,Temperature at 2 m maximum
T2M_MIN,2003,JUN,21.46,6,30,C,Temperature at 2 m minimum
WS10M,2003,JUN,2.99,6,30,m/s,Wind speed at 10 m
ALLSKY_SFC_SW_DWN,2003,JUL,14.19,7,31,MJ/m^2/day,All-sky surface shortwave downward irradiance
PRECTOTCORR,2003,JUL,10.07,7,31,mm/day,Corrected precipitation
RH2M,2003,JUL,92.15,7,31,%,Relative humidity at 2 m
T2M,2003,JUL,24.03,7,31,C,Temperature at 2 m
T2M_MAX,2003,JUL,27.87,7,31,C,Temperature at 2 m maximum
T2M_MIN,2003,JUL,21.48,7,31,C,Temperature at 2 m minimum
WS10M,2003,JUL,2.97,7,31,m/s,Wind speed at 10 m
ALLSKY_SFC_SW_DWN,2003,AUG,16.52,8,31,MJ/m^2/day,All-sky surface shortwave downward irradiance
PRECTOTCORR,2003,AUG,5.36,8,31,mm/day,Corrected precipitation
RH2M,2003,AUG,90.92,8,31,%,Relative humidity at 2 m
T2M,2003,AUG,24.14,8,31,C,Temperature at 2 m
T2M_MAX,2003,AUG,27.49,8,31,C,Temperature at 2 m maximum
T2M_MIN,2003,AUG,21.42,8,31,C,Temperature at 2 m minimum
WS10M,2003,AUG,3.15,8,31,m/s,Wind speed at 10 m
ALLSKY_SFC_SW_DWN,2003,SEP,20.89,9,30,MJ/m^2/day,All-sky surface shortwave downward irradiance
PRECTOTCORR,2003,SEP,1.15,9,30,mm/day,Corrected precipitation
RH2M,2003,SEP,88.23,9,30,%,Relative humidity at 2 m
T2M,2003,SEP,24.36,9,30,C,Temperature at 2 m
T2M_MAX,2003,SEP,29.38,9,30,C,Temperature at 2 m maximum
T2M_MIN,2003,SEP,21.03,9,30,C,Temperature at 2 m minimum
WS10M,2003,SEP,2.57,9,30,m/s,Wind speed at 10 m
ALLSKY_SFC_SW_DWN,2003,OCT,16.73,10,31,MJ/m^2/day,All-sky surface shortwave downward irradiance
PRECTOTCORR,2003,OCT,7.83,10,31,mm/day,Corrected precipitation
RH2M,2003,OCT,89.07,10,31,%,Relative humidity at 2 m
T2M,2003,OCT,24.35,10,31,C,Temperature at 2 m
T2M_MAX,2003,OCT,29.32,10,31,C,Temperature at 2 m maximum
T2M_MIN,2003,OCT,19.16,10,31,C,Temperature at 2 m minimum
WS10M,2003,OCT,1.9,10,31,m/s,Wind speed at 10 m
ALLSKY_SFC_SW_DWN,2003,NOV,17.39,11,30,MJ/m^2/day,All-sky surface shortwave downward irradiance
PRECTOTCORR,2003,NOV,1.63,11,30,mm/day,Corrected precipitation
RH2M,2003,NOV,80.17,11,30,%,Relative humidity at 2 m
T2M,2003,NOV,24.23,11,30,C,Temperature at 2 m
T2M_MAX,2003,NOV,30.13,11,30,C,Temperature at 2 m maximum
T2M_MIN,2003,NOV,18.42,11,30,C,Temperature at 2 m minimum
WS10M,2003,NOV,2.06,11,30,m/s,Wind speed at 10 m
ALLSKY_SFC_SW_DWN,2003,DEC,19.26,12,31,MJ/m^2/day,All-sky surface shortwave downward irradiance
PRECTOTCORR,2003,DEC,0.58,12,31,mm/day,Corrected precipitation
RH2M,2003,DEC,66.64,12,31,%,Relative humidity at 2 m
T2M,2003,DEC,24.23,12,31,C,Temperature at 2 m
T2M_MAX,2003,DEC,32.69,12,31,C,Temperature at 2 m maximum
T2M_MIN,2003,DEC,16.4,12,31,C,Temperature at 2 m minimum
WS10M,2003,DEC,2.09,12,31,m/s,Wind speed at 10 m
ALLSKY_SFC_SW_DWN,2004,JAN,20.01,1,31,MJ/m^2/day,All-sky surface shortwave downward irradiance
PRECTOTCORR,2004,JAN,0.24,1,31,mm/day,Corrected precipitation
RH2M,2004,JAN,61.23,1,31,%,Relative humidity at 2 m
T2M,2004,JAN,25.38,1,31,C,Temperature at 2 m
T2M_MAX,2004,JAN,34.45,1,31,C,Temperature at 2 m maximum
T2M_MIN,2004,JAN,17.14,1,31,C,Temperature at 2 m minimum
WS10M,2004,JAN,2.12,1,31,m/s,Wind speed at 10 m
ALLSKY_SFC_SW_DWN,2004,FEB,22.5,2,29,MJ/m^2/day,All-sky surface shortwave downward irradiance
PRECTOTCORR,2004,FEB,0.04,2,29,mm/day,Corrected precipitation
RH2M,2004,FEB,53.01,2,29,%,Relative humidity at 2 m
T2M,2004,FEB,26.98,2,29,C,Temperature at 2 m
T2M_MAX,2004,FEB,37.01,2,29,C,Temperature at 2 m maximum
T2M_MIN,2004,FEB,18.38,2,29,C,Temperature at 2 m minimum
WS10M,2004,FEB,1.87,2,29,m/s,Wind speed at 10 m
ALLSKY_SFC_SW_DWN,2004,MAR,23.07,3,31,MJ/m^2/day,All-sky surface shortwave downward irradiance
PRECTOTCORR,2004,MAR,0.4,3,31,mm/day,Corrected precipitation
RH2M,2004,MAR,56.31,3,31,%,Relative humidity at 2 m
T2M,2004,MAR,28.69,3,31,C,Temperature at 2 m
T2M_MAX,2004,MAR,39.14,3,31,C,Temperature at 2 m maximum
T2M_MIN,2004,MAR,19.73,3,31,C,Temperature at 2 m minimum
WS10M,2004,MAR,1.89,3,31,m/s,Wind speed at 10 m
ALLSKY_SFC_SW_DWN,2004,APR,20.9,4,30,MJ/m^2/day,All-sky surface shortwave downward irradiance
PRECTOTCORR,2004,APR,2.33,4,30,mm/day,Corrected precipitation
RH2M,2004,APR,73.09,4,30,%,Relative humidity at 2 m
T2M,2004,APR,27.8,4,30,C,Temperature at 2 m
T2M_MAX,2004,APR,36.81,4,30,C,Temperature at 2 m maximum
T2M_MIN,2004,APR,22.58,4,30,C,Temperature at 2 m minimum
WS10M,2004,APR,1.89,4,30,m/s,Wind speed at 10 m
ALLSKY_SFC_SW_DWN,2004,MAY,15.75,5,31,MJ/m^2/day,All-sky surface shortwave downward irradiance
PRECTOTCORR,2004,MAY,17.68,5,31,mm/day,Corrected precipitation
RH2M,2004,MAY,89.03,5,31,%,Relative humidity at 2 m
T2M,2004,MAY,25.19,5,31,C,Temperature at 2 m
T2M_MAX,2004,MAY,35.65,5,31,C,Temperature at 2 m maximum
T2M_MIN,2004,MAY,21.96,5,31,C,Temperature at 2 m minimum
WS10M,2004,MAY,2.63,5,31,m/s,Wind speed at 10 m
ALLSKY_SFC_SW_DWN,2004,JUN,15.55,6,30,MJ/m^2/day,All-sky surface shortwave downward irradiance
PRECTOTCORR,2004,JUN,14.28,6,30,mm/day,Corrected precipitation
RH2M,2004,JUN,91.76,6,30,%,Relative humidity at 2 m
T2M,2004,JUN,24.25,6,30,C,Temperature at 2 m
T2M_MAX,2004,JUN,27.86,6,30,C,Temperature at 2 m maximum
T2M_MIN,2004,JUN,21.92,6,30,C,Temperature at 2 m minimum
WS10M,2004,JUN,3.54,6,30,m/s,Wind speed at 10 m
ALLSKY_SFC_SW_DWN,2004,JUL,14.5,7,31,MJ/m^2/day,All-sky surface shortwave downward irradiance
PRECTOTCORR,2004,JUL,8.17,7,31,mm/day,Corrected precipitation
RH2M,2004,JUL,91.54,7,31,%,Relative humidity at 2 m
T2M,2004,JUL,23.68,7,31,C,Temperature at 2 m
T2M_MAX,2004,JUL,27.12,7,31,C,Temperature at 2 m maximum
T2M_MIN,2004,JUL,21.17,7,31,C,Temperature at 2 m minimum
WS10M,2004,JUL,3.19,7,31,m/s,Wind speed at 10 m
ALLSKY_SFC_SW_DWN,2004,AUG,16.59,8,31,MJ/m^2/day,All-sky surface shortwave downward irradiance
PRECTOTCORR,2004,AUG,7.99,8,31,mm/day,Corrected precipitation
RH2M,2004,AUG,91.11,8,31,%,Relative humidity at 2 m
T2M,2004,AUG,23.61,8,31,C,Temperature at 2 m
T2M_MAX,2004,AUG,27.61,8,31,C,Temperature at 2 m maximum
T2M_MIN,2004,AUG,20.64,8,31,C,Temperature at 2 m minimum
WS10M,2004,AUG,3.36,8,31,m/s,Wind speed at 10 m
ALLSKY_SFC_SW_DWN,2004,SEP,17.68,9,30,MJ/m^2/day,All-sky surface shortwave downward irradiance
PRECTOTCORR,2004,SEP,5.44,9,30,mm/day,Corrected precipitation
RH2M,2004,SEP,89.3,9,30,%,Relative humidity at 2 m
T2M,2004,SEP,23.86,9,30,C,Temperature at 2 m
T2M_MAX,2004,SEP,28.81,9,30,C,Temperature at 2 m maximum
T2M_MIN,2004,SEP,20.28,9,30,C,Temperature at 2 m minimum
WS10M,2004,SEP,2.09,9,30,m/s,Wind speed at 10 m
ALLSKY_SFC_SW_DWN,2004,OCT,18.17,10,31,MJ/m^2/day,All-sky surface shortwave downward irradiance
PRECTOTCORR,2004,OCT,11.17,10,31,mm/day,Corrected precipitation
RH2M,2004,OCT,87.81,10,31,%,Relative humidity at 2 m
T2M,2004,OCT,24.24,10,31,C,Temperature at 2 m
T2M_MAX,2004,OCT,29.03,10,31,C,Temperature at 2 m maximum
T2M_MIN,2004,OCT,19.46,10,31,C,Temperature at 2 m minimum
WS10M,2004,OCT,2.11,10,31,m/s,Wind speed at 10 m
ALLSKY_SFC_SW_DWN,2004,NOV,17.38,11,30,MJ/m^2/day,All-sky surface shortwave downward irradiance
PRECTOTCORR,2004,NOV,3.29,11,30,mm/day,Corrected precipitation
RH2M,2004,NOV,84.39,11,30,%,Relative humidity at 2 m
T2M,2004,NOV,23.67,11,30,C,Temperature at 2 m
T2M_MAX,2004,NOV,28.62,11,30,C,Temperature at 2 m maximum
T2M_MIN,2004,NOV,16.66,11,30,C,Temperature at 2 m minimum
WS10M,2004,NOV,2.16,11,30,m/s,Wind speed at 10 m
ALLSKY_SFC_SW_DWN,2004,DEC,19.18,12,31,MJ/m^2/day,All-sky surface shortwave downward irradiance
PRECTOTCORR,2004,DEC,0.02,12,31,mm/day,Corrected precipitation
RH2M,2004,DEC,74.09,12,31,%,Relative humidity at 2 m
T2M,2004,DEC,22.72,12,31,C,Temperature at 2 m
T2M_MAX,2004,DEC,31.22,12,31,C,Temperature at 2 m maximum
T2M_MIN,2004,DEC,15.82,12,31,C,Temperature at 2 m minimum
WS10M,2004,DEC,2.49,12,31,m/s,Wind speed at 10 m
ALLSKY_SFC_SW_DWN,2005,JAN,19.24,1,31,MJ/m^2/day,All-sky surface shortwave downward irradiance
PRECTOTCORR,2005,JAN,0.85,1,31,mm/day,Corrected precipitation
RH2M,2005,JAN,65.43,1,31,%,Relative humidity at 2 m
T2M,2005,JAN,25.1,1,31,C,Temperature at 2 m
T2M_MAX,2005,JAN,34.31,1,31,C,Temperature at 2 m maximum
T2M_MIN,2005,JAN,17.21,1,31,C,Temperature at 2 m minimum
WS10M,2005,JAN,1.93,1,31,m/s,Wind speed at 10 m
ALLSKY_SFC_SW_DWN,2005,FEB,22.84,2,28,MJ/m^2/day,All-sky surface shortwave downward irradiance
PRECTOTCORR,2005,FEB,0.02,2,28,mm/day,Corrected precipitation
RH2M,2005,FEB,56.49,2,28,%,Relative humidity at 2 m
T2M,2005,FEB,26.73,2,28,C,Temperature at 2 m
T2M_MAX,2005,FEB,36.68,2,28,C,Temperature at 2 m maximum
T2M_MIN,2005,FEB,17.05,2,28,C,Temperature at 2 m minimum
WS10M,2005,FEB,2.0,2,28,m/s,Wind speed at 10 m
ALLSKY_SFC_SW_DWN,2005,MAR,21.89,3,31,MJ/m^2/day,All-sky surface shortwave downward irradiance
PRECTOTCORR,2005,MAR,0.79,3,31,mm/day,Corrected precipitation
RH2M,2005,MAR,61.08,3,31,%,Relative humidity at 2 m
T2M,2005,MAR,28.07,3,31,C,Temperature at 2 m
T2M_MAX,2005,MAR,37.23,3,31,C,Temperature at 2 m maximum
T2M_MIN,2005,MAR,20.0,3,31,C,Temperature at 2 m minimum
WS10M,2005,MAR,1.88,3,31,m/s,Wind speed at 10 m
ALLSKY_SFC_SW_DWN,2005,APR,19.69,4,30,MJ/m^2/day,All-sky surface shortwave downward irradiance
PRECTOTCORR,2005,APR,2.93,4,30,mm/day,Corrected precipitation
RH2M,2005,APR,77.15,4,30,%,Relative humidity at 2 m
T2M,2005,APR,27.19,4,30,C,Temperature at 2 m
T2M_MAX,2005,APR,37.03,4,30,C,Temperature at 2 m maximum
T2M_MIN,2005,APR,22.37,4,30,C,Temperature at 2 m minimum
WS10M,2005,APR,1.57,4,30,m/s,Wind speed at 10 m
ALLSKY_SFC_SW_DWN,2005,MAY,19.95,5,31,MJ/m^2/day,All-sky surface shortwave downward irradiance
PRECTOTCORR,2005,MAY,3.32,5,31,mm/day,Corrected precipitation
RH2M,2005,MAY,76.19,5,31,%,Relative humidity at 2 m
T2M,2005,MAY,27.38,5,31,C,Temperature at 2 m
T2M_MAX,2005,MAY,36.08,5,31,C,Temperature at 2 m maximum
T2M_MIN,2005,MAY,22.92,5,31,C,Temperature at 2 m minimum
WS10M,2005,MAY,2.37,5,31,m/s,Wind speed at 10 m
ALLSKY_SFC_SW_DWN,2005,JUN,15.04,6,30,MJ/m^2/day,All-sky surface shortwave downward irradiance
PRECTOTCORR,2005,JUN,14.22,6,30,mm/day,Corrected precipitation
RH2M,2005,JUN,88.84,6,30,%,Relative humidity at 2 m
T2M,2005,JUN,25.24,6,30,C,Temperature at 2 m
T2M_MAX,2005,JUN,31.27,6,30,C,Temperature at 2 m maximum
T2M_MIN,2005,JUN,22.51,6,30,C,Temperature at 2 m minimum
WS10M,2005,JUN,3.38,6,30,m/s,Wind speed at 10 m
ALLSKY_SFC_SW_DWN,2005,JUL,13.04,7,31,MJ/m^2/day,All-sky surface shortwave downward irradiance
PRECTOTCORR,2005,JUL,12.65,7,31,mm/day,Corrected precipitation
RH2M,2005,JUL,92.57,7,31,%,Relative humidity at 2 m
T2M,2005,JUL,24.11,7,31,C,Temperature at 2 m
T2M_MAX,2005,JUL,27.1,7,31,C,Temperature at 2 m maximum
T2M_MIN,2005,JUL,21.46,7,31,C,Temperature at 2 m minimum
WS10M,2005,JUL,3.73,7,31,m/s,Wind speed at 10 m
ALLSKY_SFC_SW_DWN,2005,AUG,17.71,8,31,MJ/m^2/day,All-sky surface shortwave downward irradiance
PRECTOTCORR,2005,AUG,5.26,8,31,mm/day,Corrected precipitation
RH2M,2005,AUG,90.84,8,31,%,Relative humidity at 2 m
T2M,2005,AUG,24.06,8,31,C,Temperature at 2 m
T2M_MAX,2005,AUG,29.24,8,31,C,Temperature at 2 m maximum
T2M_MIN,2005,AUG,21.17,8,31,C,Temperature at 2 m minimum
WS10M,2005,AUG,3.03,8,31,m/s,Wind speed at 10 m
ALLSKY_SFC_SW_DWN,2005,SEP,16.66,9,30,MJ/m^2/day,All-sky surface shortwave downward irradiance
PRECTOTCORR,2005,SEP,7.08,9,30,mm/day,Corrected precipitation
RH2M,2005,SEP,91.05,9,30,%,Relative humidity at 2 m
T2M,2005,SEP,24.05,9,30,C,Temperature at 2 m
T2M_MAX,2005,SEP,28.01,9,30,C,Temperature at 2 m maximum
T2M_MIN,2005,SEP,21.07,9,30,C,Temperature at 2 m minimum
WS10M,2005,SEP,2.99,9,30,m/s,Wind speed at 10 m
ALLSKY_SFC_SW_DWN,2005,OCT,16.78,10,31,MJ/m^2/day,All-sky surface shortwave downward irradiance
PRECTOTCORR,2005,OCT,9.49,10,31,mm/day,Corrected precipitation
RH2M,2005,OCT,90.07,10,31,%,Relative humidity at 2 m
T2M,2005,OCT,24.24,10,31,C,Temperature at 2 m
T2M_MAX,2005,OCT,29.95,10,31,C,Temperature at 2 m maximum
T2M_MIN,2005,OCT,20.17,10,31,C,Temperature at 2 m minimum
WS10M,2005,OCT,1.96,10,31,m/s,Wind speed at 10 m
ALLSKY_SFC_SW_DWN,2005,NOV,15.72,11,30,MJ/m^2/day,All-sky surface shortwave downward irradiance
PRECTOTCORR,2005,NOV,6.58,11,30,mm/day,Corrected precipitation
RH2M,2005,NOV,86.23,11,30,%,Relative humidity at 2 m
T2M,2005,NOV,23.29,11,30,C,Temperature at 2 m
T2M_MAX,2005,NOV,28.32,11,30,C,Temperature at 2 m maximum
T2M_MIN,2005,NOV,15.49,11,30,C,Temperature at 2 m minimum
WS10M,2005,NOV,1.72,11,30,m/s,Wind speed at 10 m
ALLSKY_SFC_SW_DWN,2005,DEC,17.49,12,31,MJ/m^2/day,All-sky surface shortwave downward irradiance
PRECTOTCORR,2005,DEC,0.77,12,31,mm/day,Corrected precipitation
RH2M,2005,DEC,82.05,12,31,%,Relative humidity at 2 m
T2M,2005,DEC,23.13,12,31,C,Temperature at 2 m
T2M_MAX,2005,DEC,28.59,12,31,C,Temperature at 2 m maximum
T2M_MIN,2005,DEC,15.7,12,31,C,Temperature at 2 m minimum
WS10M,2005,DEC,1.89,12,31,m/s,Wind speed at 10 m
ALLSKY_SFC_SW_DWN,2006,JAN,19.69,1,31,MJ/m^2/day,All-sky surface shortwave downward irradiance
PRECTOTCORR,2006,JAN,0.26,1,31,mm/day,Corrected precipitation
RH2M,2006,JAN,69.7,1,31,%,Relative humidity at 2 m
T2M,2006,JAN,23.79,1,31,C,Temperature at 2 m
T2M_MAX,2006,JAN,32.18,1,31,C,Temperature at 2 m maximum
T2M_MIN,2006,JAN,15.44,1,31,C,Temperature at 2 m minimum
WS10M,2006,JAN,2.21,1,31,m/s,Wind speed at 10 m
ALLSKY_SFC_SW_DWN,2006,FEB,22.69,2,28,MJ/m^2/day,All-sky surface shortwave downward irradiance
PRECTOTCORR,2006,FEB,0.0,2,28,mm/day,Corrected precipitation
RH2M,2006,FEB,52.99,2,28,%,Relative humidity at 2 m
T2M,2006,FEB,25.5,2,28,C,Temperature at 2 m
T2M_MAX,2006,FEB,35.79,2,28,C,Temperature at 2 m maximum
T2M_MIN,2006,FEB,15.93,2,28,C,Temperature at 2 m minimum
WS10M,2006,FEB,2.2,2,28,m/s,Wind speed at 10 m
ALLSKY_SFC_SW_DWN,2006,MAR,22.16,3,31,MJ/m^2/day,All-sky surface shortwave downward irradiance
PRECTOTCORR,2006,MAR,1.6,3,31,mm/day,Corrected precipitation
RH2M,2006,MAR,65.87,3,31,%,Relative humidity at 2 m
T2M,2006,MAR,27.67,3,31,C,Temperature at 2 m
T2M_MAX,2006,MAR,37.21,3,31,C,Temperature at 2 m maximum
T2M_MIN,2006,MAR,20.03,3,31,C,Temperature at 2 m minimum
WS10M,2006,MAR,1.77,3,31,m/s,Wind speed at 10 m
ALLSKY_SFC_SW_DWN,2006,APR,21.03,4,30,MJ/m^2/day,All-sky surface shortwave downward irradiance
PRECTOTCORR,2006,APR,0.74,4,30,mm/day,Corrected precipitation
RH2M,2006,APR,67.82,4,30,%,Relative humidity at 2 m
T2M,2006,APR,28.29,4,30,C,Temperature at 2 m
T2M_MAX,2006,APR,37.5,4,30,C,Temperature at 2 m maximum
T2M_MIN,2006,APR,22.76,4,30,C,Temperature at 2 m minimum
WS10M,2006,APR,2.32,4,30,m/s,Wind speed at 10 m
ALLSKY_SFC_SW_DWN,2006,MAY,18.04,5,31,MJ/m^2/day,All-sky surface shortwave downward irradiance
PRECTOTCORR,2006,MAY,14.35,5,31,mm/day,Corrected precipitation
RH2M,2006,MAY,81.49,5,31,%,Relative humidity at 2 m
T2M,2006,MAY,26.48,5,31,C,Temperature at 2 m
T2M_MAX,2006,MAY,36.45,5,31,C,Temperature at 2 m maximum
T2M_MIN,2006,MAY,22.79,5,31,C,Temperature at 2 m minimum
WS10M,2006,MAY,2.84,5,31,m/s,Wind speed at 10 m
ALLSKY_SFC_SW_DWN,2006,JUN,16.76,6,30,MJ/m^2/day,All-sky surface shortwave downward irradiance
PRECTOTCORR,2006,JUN,16.27,6,30,mm/day,Corrected precipitation
RH2M,2006,JUN,89.64,6,30,%,Relative humidity at 2 m
T2M,2006,JUN,24.56,6,30,C,Temperature at 2 m
T2M_MAX,2006,JUN,28.68,6,30,C,Temperature at 2 m maximum
T2M_MIN,2006,JUN,21.46,6,30,C,Temperature at 2 m minimum
WS10M,2006,JUN,2.73,6,30,m/s,Wind speed at 10 m
ALLSKY_SFC_SW_DWN,2006,JUL,15.29,7,31,MJ/m^2/day,All-sky surface shortwave downward irradiance
PRECTOTCORR,2006,JUL,11.06,7,31,mm/day,Corrected precipitation
RH2M,2006,JUL,91.83,7,31,%,Relative humidity at 2 m
T2M,2006,JUL,24.02,7,31,C,Temperature at 2 m
T2M_MAX,2006,JUL,27.83,7,31,C,Temperature at 2 m maximum
T2M_MIN,2006,JUL,20.53,7,31,C,Temperature at 2 m minimum
WS10M,2006,JUL,3.59,7,31,m/s,Wind speed at 10 m
ALLSKY_SFC_SW_DWN,2006,AUG,16.93,8,31,MJ/m^2/day,All-sky surface shortwave downward irradiance
PRECTOTCORR,2006,AUG,9.66,8,31,mm/day,Corrected precipitation
RH2M,2006,AUG,91.04,8,31,%,Relative humidity at 2 m
T2M,2006,AUG,23.93,8,31,C,Temperature at 2 m
T2M_MAX,2006,AUG,28.33,8,31,C,Temperature at 2 m maximum
T2M_MIN,2006,AUG,21.32,8,31,C,Temperature at 2 m minimum
WS10M,2006,AUG,2.97,8,31,m/s,Wind speed at 10 m
ALLSKY_SFC_SW_DWN,2006,SEP,15.83,9,30,MJ/m^2/day,All-sky surface shortwave downward irradiance
PRECTOTCORR,2006,SEP,13.25,9,30,mm/day,Corrected precipitation
RH2M,2006,SEP,91.36,9,30,%,Relative humidity at 2 m
T2M,2006,SEP,23.9,9,30,C,Temperature at 2 m
T2M_MAX,2006,SEP,29.06,9,30,C,Temperature at 2 m maximum
T2M_MIN,2006,SEP,19.75,9,30,C,Temperature at 2 m minimum
WS10M,2006,SEP,2.64,9,30,m/s,Wind speed at 10 m
ALLSKY_SFC_SW_DWN,2006,OCT,16.37,10,31,MJ/m^2/day,All-sky surface shortwave downward irradiance
PRECTOTCORR,2006,OCT,8.97,10,31,mm/day,Corrected precipitation
RH2M,2006,OCT,89.56,10,31,%,Relative humidity at 2 m
T2M,2006,OCT,24.18,10,31,C,Temperature at 2 m
T2M_MAX,2006,OCT,28.51,10,31,C,Temperature at 2 m maximum
T2M_MIN,2006,OCT,21.26,10,31,C,Temperature at 2 m minimum
WS10M,2006,OCT,1.86,10,31,m/s,Wind speed at 10 m
ALLSKY_SFC_SW_DWN,2006,NOV,16.51,11,30,MJ/m^2/day,All-sky surface shortwave downward irradiance
PRECTOTCORR,2006,NOV,5.74,11,30,mm/day,Corrected precipitation
RH2M,2006,NOV,87.52,11,30,%,Relative humidity at 2 m
T2M,2006,NOV,24.07,11,30,C,Temperature at 2 m
T2M_MAX,2006,NOV,29.13,11,30,C,Temperature at 2 m maximum
T2M_MIN,2006,NOV,20.77,11,30,C,Temperature at 2 m minimum
WS10M,2006,NOV,1.63,11,30,m/s,Wind speed at 10 m
ALLSKY_SFC_SW_DWN,2006,DEC,18.52,12,31,MJ/m^2/day,All-sky surface shortwave downward irradiance
PRECTOTCORR,2006,DEC,0.01,12,31,mm/day,Corrected precipitation
RH2M,2006,DEC,78.27,12,31,%,Relative humidity at 2 m
T2M,2006,DEC,22.3,12,31,C,Temperature at 2 m
T2M_MAX,2006,DEC,28.67,12,31,C,Temperature at 2 m maximum
T2M_MIN,2006,DEC,16.13,12,31,C,Temperature at 2 m minimum
WS10M,2006,DEC,2.73,12,31,m/s,Wind speed at 10 m
ALLSKY_SFC_SW_DWN,2007,JAN,19.43,1,31,MJ/m^2/day,All-sky surface shortwave downward irradiance
PRECTOTCORR,2007,JAN,0.15,1,31,mm/day,Corrected precipitation
RH2M,2007,JAN,64.36,1,31,%,Relative humidity at 2 m
T2M,2007,JAN,24.05,1,31,C,Temperature at 2 m
T2M_MAX,2007,JAN,33.5,1,31,C,Temperature at 2 m maximum
T2M_MIN,2007,JAN,15.83,1,31,C,Temperature at 2 m minimum
WS10M,2007,JAN,2.27,1,31,m/s,Wind speed at 10 m
ALLSKY_SFC_SW_DWN,2007,FEB,22.32,2,28,MJ/m^2/day,All-sky surface shortwave downward irradiance
PRECTOTCORR,2007,FEB,0.01,2,28,mm/day,Corrected precipitation
RH2M,2007,FEB,58.93,2,28,%,Relative humidity at 2 m
T2M,2007,FEB,25.76,2,28,C,Temperature at 2 m
T2M_MAX,2007,FEB,35.45,2,28,C,Temperature at 2 m maximum
T2M_MIN,2007,FEB,17.62,2,28,C,Temperature at 2 m minimum
WS10M,2007,FEB,2.01,2,28,m/s,Wind speed at 10 m
ALLSKY_SFC_SW_DWN,2007,MAR,23.3,3,31,MJ/m^2/day,All-sky surface shortwave downward irradiance
PRECTOTCORR,2007,MAR,0.2,3,31,mm/day,Corrected precipitation
RH2M,2007,MAR,59.54,3,31,%,Relative humidity at 2 m
T2M,2007,MAR,28.61,3,31,C,Temperature at 2 m
T2M_MAX,2007,MAR,38.1,3,31,C,Temperature at 2 m maximum
T2M_MIN,2007,MAR,21.54,3,31,C,Temperature at 2 m minimum
WS10M,2007,MAR,1.84,3,31,m/s,Wind speed at 10 m
ALLSKY_SFC_SW_DWN,2007,APR,22.16,4,30,MJ/m^2/day,All-sky surface shortwave downward irradiance
PRECTOTCORR,2007,APR,2.74,4,30,mm/day,Corrected precipitation
RH2M,2007,APR,70.41,4,30,%,Relative humidity at 2 m
T2M,2007,APR,28.26,4,30,C,Temperature at 2 m
T2M_MAX,2007,APR,37.85,4,30,C,Temperature at 2 m maximum
T2M_MIN,2007,APR,23.29,4,30,C,Temperature at 2 m minimum
WS10M,2007,APR,1.78,4,30,m/s,Wind speed at 10 m
ALLSKY_SFC_SW_DWN,2007,MAY,20.36,5,31,MJ/m^2/day,All-sky surface shortwave downward irradiance
PRECTOTCORR,2007,MAY,7.06,5,31,mm/day,Corrected precipitation
RH2M,2007,MAY,81.68,5,31,%,Relative humidity at 2 m
T2M,2007,MAY,26.29,5,31,C,Temperature at 2 m
T2M_MAX,2007,MAY,33.1,5,31,C,Temperature at 2 m maximum
T2M_MIN,2007,MAY,21.72,5,31,C,Temperature at 2 m minimum
WS10M,2007,MAY,2.39,5,31,m/s,Wind speed at 10 m
ALLSKY_SFC_SW_DWN,2007,JUN,15.72,6,30,MJ/m^2/day,All-sky surface shortwave downward irradiance
PRECTOTCORR,2007,JUN,19.37,6,30,mm/day,Corrected precipitation
RH2M,2007,JUN,90.23,6,30,%,Relative humidity at 2 m
T2M,2007,JUN,24.78,6,30,C,Temperature at 2 m
T2M_MAX,2007,JUN,31.13,6,30,C,Temperature at 2 m maximum
T2M_MIN,2007,JUN,21.47,6,30,C,Temperature at 2 m minimum
WS10M,2007,JUN,3.04,6,30,m/s,Wind speed at 10 m
ALLSKY_SFC_SW_DWN,2007,JUL,12.82,7,31,MJ/m^2/day,All-sky surface shortwave downward irradiance
PRECTOTCORR,2007,JUL,20.54,7,31,mm/day,Corrected precipitation
RH2M,2007,JUL,93.05,7,31,%,Relative humidity at 2 m
T2M,2007,JUL,24.03,7,31,C,Temperature at 2 m
T2M_MAX,2007,JUL,26.87,7,31,C,Temperature at 2 m maximum
T2M_MIN,2007,JUL,20.83,7,31,C,Temperature at 2 m minimum
WS10M,2007,JUL,3.15,7,31,m/s,Wind speed at 10 m
ALLSKY_SFC_SW_DWN,2007,AUG,15.64,8,31,MJ/m^2/day,All-sky surface shortwave downward irradiance
PRECTOTCORR,2007,AUG,11.77,8,31,mm/day,Corrected precipitation
RH2M,2007,AUG,92.01,8,31,%,Relative humidity at 2 m
T2M,2007,AUG,23.63,8,31,C,Temperature at 2 m
T2M_MAX,2007,AUG,28.03,8,31,C,Temperature at 2 m maximum
T2M_MIN,2007,AUG,20.78,8,31,C,Temperature at 2 m minimum
WS10M,2007,AUG,2.74,8,31,m/s,Wind speed at 10 m
ALLSKY_SFC_SW_DWN,2007,SEP,14.97,9,30,MJ/m^2/day,All-sky surface shortwave downward irradiance
PRECTOTCORR,2007,SEP,13.93,9,30,mm/day,Corrected precipitation
RH2M,2007,SEP,91.75,9,30,%,Relative humidity at 2 m
T2M,2007,SEP,23.88,9,30,C,Temperature at 2 m
T2M_MAX,2007,SEP,29.09,9,30,C,Temperature at 2 m maximum
T2M_MIN,2007,SEP,20.45,9,30,C,Temperature at 2 m minimum
WS10M,2007,SEP,2.64,9,30,m/s,Wind speed at 10 m
ALLSKY_SFC_SW_DWN,2007,OCT,16.6,10,31,MJ/m^2/day,All-sky surface shortwave downward irradiance
PRECTOTCORR,2007,OCT,9.82,10,31,mm/day,Corrected precipitation
RH2M,2007,OCT,89.33,10,31,%,Relative humidity at 2 m
T2M,2007,OCT,23.88,10,31,C,Temperature at 2 m
T2M_MAX,2007,OCT,29.22,10,31,C,Temperature at 2 m maximum
T2M_MIN,2007,OCT,20.38,10,31,C,Temperature at 2 m minimum
WS10M,2007,OCT,1.84,10,31,m/s,Wind speed at 10 m
ALLSKY_SFC_SW_DWN,2007,NOV,18.8,11,30,MJ/m^2/day,All-sky surface shortwave downward irradiance
PRECTOTCORR,2007,NOV,3.4,11,30,mm/day,Corrected precipitation
RH2M,2007,NOV,80.64,11,30,%,Relative humidity at 2 m
T2M,2007,NOV,23.34,11,30,C,Temperature at 2 m
T2M_MAX,2007,NOV,28.53,11,30,C,Temperature at 2 m maximum
T2M_MIN,2007,NOV,15.01,11,30,C,Temperature at 2 m minimum
WS10M,2007,NOV,1.7,11,30,m/s,Wind speed at 10 m
ALLSKY_SFC_SW_DWN,2007,DEC,17.22,12,31,MJ/m^2/day,All-sky surface shortwave downward irradiance
PRECTOTCORR,2007,DEC,1.38,12,31,mm/day,Corrected precipitation
RH2M,2007,DEC,77.43,12,31,%,Relative humidity at 2 m
T2M,2007,DEC,23.06,12,31,C,Temperature at 2 m
T2M_MAX,2007,DEC,29.94,12,31,C,Temperature at 2 m maximum
T2M_MIN,2007,DEC,15.59,12,31,C,Temperature at 2 m minimum
WS10M,2007,DEC,2.57,12,31,m/s,Wind speed at 10 m
ALLSKY_SFC_SW_DWN,2008,JAN,20.48,1,31,MJ/m^2/day,All-sky surface shortwave downward irradiance
PRECTOTCORR,2008,JAN,0.0,1,31,mm/day,Corrected precipitation
RH2M,2008,JAN,65.11,1,31,%,Relative humidity at 2 m
T2M,2008,JAN,23.95,1,31,C,Temperature at 2 m
T2M_MAX,2008,JAN,33.07,1,31,C,Temperature at 2 m maximum
T2M_MIN,2008,JAN,15.87,1,31,C,Temperature at 2 m minimum
WS10M,2008,JAN,2.34,1,31,m/s,Wind speed at 10 m
ALLSKY_SFC_SW_DWN,2008,FEB,20.38,2,29,MJ/m^2/day,All-sky surface shortwave downward irradiance
PRECTOTCORR,2008,FEB,0.52,2,29,mm/day,Corrected precipitation
RH2M,2008,FEB,61.31,2,29,%,Relative humidity at 2 m
T2M,2008,FEB,26.34,2,29,C,Temperature at 2 m
T2M_MAX,2008,FEB,36.2,2,29,C,Temperature at 2 m maximum
T2M_MIN,2008,FEB,18.36,2,29,C,Temperature at 2 m minimum
WS10M,2008,FEB,1.8,2,29,m/s,Wind speed at 10 m
ALLSKY_SFC_SW_DWN,2008,MAR,19.78,3,31,MJ/m^2/day,All-sky surface shortwave downward irradiance
PRECTOTCORR,2008,MAR,7.72,3,31,mm/day,Corrected precipitation
RH2M,2008,MAR,69.51,3,31,%,Relative humidity at 2 m
T2M,2008,MAR,25.69,3,31,C,Temperature at 2 m
T2M_MAX,2008,MAR,35.85,3,31,C,Temperature at 2 m maximum
T2M_MIN,2008,MAR,17.03,3,31,C,Temperature at 2 m minimum
WS10M,2008,MAR,1.92,3,31,m/s,Wind speed at 10 m
ALLSKY_SFC_SW_DWN,2008,APR,21.17,4,30,MJ/m^2/day,All-sky surface shortwave downward irradiance
PRECTOTCORR,2008,APR,3.51,4,30,mm/day,Corrected precipitation
RH2M,2008,APR,78.11,4,30,%,Relative humidity at 2 m
T2M,2008,APR,26.53,4,30,C,Temperature at 2 m
T2M_MAX,2008,APR,34.44,4,30,C,Temperature at 2 m maximum
T2M_MIN,2008,APR,21.2,4,30,C,Temperature at 2 m minimum
WS10M,2008,APR,1.76,4,30,m/s,Wind speed at 10 m
ALLSKY_SFC_SW_DWN,2008,MAY,20.61,5,31,MJ/m^2/day,All-sky surface shortwave downward irradiance
PRECTOTCORR,2008,MAY,2.77,5,31,mm/day,Corrected precipitation
RH2M,2008,MAY,82.5,5,31,%,Relative humidity at 2 m
T2M,2008,MAY,25.93,5,31,C,Temperature at 2 m
T2M_MAX,2008,MAY,31.37,5,31,C,Temperature at 2 m maximum
T2M_MIN,2008,MAY,22.62,5,31,C,Temperature at 2 m minimum
WS10M,2008,MAY,2.46,5,31,m/s,Wind speed at 10 m
ALLSKY_SFC_SW_DWN,2008,JUN,15.75,6,30,MJ/m^2/day,All-sky surface shortwave downward irradiance
PRECTOTCORR,2008,JUN,12.99,6,30,mm/day,Corrected precipitation
RH2M,2008,JUN,89.4,6,30,%,Relative humidity at 2 m
T2M,2008,JUN,24.58,6,30,C,Temperature at 2 m
T2M_MAX,2008,JUN,28.87,6,30,C,Temperature at 2 m maximum
T2M_MIN,2008,JUN,21.37,6,30,C,Temperature at 2 m minimum
WS10M,2008,JUN,2.97,6,30,m/s,Wind speed at 10 m
ALLSKY_SFC_SW_DWN,2008,JUL,15.15,7,31,MJ/m^2/day,All-sky surface shortwave downward irradiance
PRECTOTCORR,2008,JUL,10.25,7,31,mm/day,Corrected precipitation
RH2M,2008,JUL,91.69,7,31,%,Relative humidity at 2 m
T2M,2008,JUL,23.83,7,31,C,Temperature at 2 m
T2M_MAX,2008,JUL,28.06,7,31,C,Temperature at 2 m maximum
T2M_MIN,2008,JUL,21.31,7,31,C,Temperature at 2 m minimum
WS10M,2008,JUL,2.92,7,31,m/s,Wind speed at 10 m
ALLSKY_SFC_SW_DWN,2008,AUG,16.82,8,31,MJ/m^2/day,All-sky surface shortwave downward irradiance
PRECTOTCORR,2008,AUG,7.49,8,31,mm/day,Corrected precipitation
RH2M,2008,AUG,91.18,8,31,%,Relative humidity at 2 m
T2M,2008,AUG,23.7,8,31,C,Temperature at 2 m
T2M_MAX,2008,AUG,28.97,8,31,C,Temperature at 2 m maximum
T2M_MIN,2008,AUG,20.67,8,31,C,Temperature at 2 m minimum
WS10M,2008,AUG,2.56,8,31,m/s,Wind speed at 10 m
ALLSKY_SFC_SW_DWN,2008,SEP,19.19,9,30,MJ/m^2/day,All-sky surface shortwave downward irradiance
PRECTOTCORR,2008,SEP,9.01,9,30,mm/day,Corrected precipitation
RH2M,2008,SEP,89.46,9,30,%,Relative humidity at 2 m
T2M,2008,SEP,23.91,9,30,C,Temperature at 2 m
T2M_MAX,2008,SEP,28.8,9,30,C,Temperature at 2 m maximum
T2M_MIN,2008,SEP,20.37,9,30,C,Temperature at 2 m minimum
WS10M,2008,SEP,2.36,9,30,m/s,Wind speed at 10 m
ALLSKY_SFC_SW_DWN,2008,OCT,17.58,10,31,MJ/m^2/day,All-sky surface shortwave downward irradiance
PRECTOTCORR,2008,OCT,12.45,10,31,mm/day,Corrected precipitation
RH2M,2008,OCT,85.32,10,31,%,Relative humidity at 2 m
T2M,2008,OCT,24.51,10,31,C,Temperature at 2 m
T2M_MAX,2008,OCT,29.69,10,31,C,Temperature at 2 m maximum
T2M_MIN,2008,OCT,18.03,10,31,C,Temperature at 2 m minimum
WS10M,2008,OCT,1.85,10,31,m/s,Wind speed at 10 m
ALLSKY_SFC_SW_DWN,2008,NOV,16.82,11,30,MJ/m^2/day,All-sky surface shortwave downward irradiance
PRECTOTCORR,2008,NOV,1.2,11,30,mm/day,Corrected precipitation
RH2M,2008,NOV,80.69,11,30,%,Relative humidity at 2 m
T2M,2008,NOV,23.76,11,30,C,Temperature at 2 m
T2M_MAX,2008,NOV,29.08,11,30,C,Temperature at 2 m maximum
T2M_MIN,2008,NOV,17.11,11,30,C,Temperature at 2 m minimum
WS10M,2008,NOV,1.68,11,30,m/s,Wind speed at 10 m
ALLSKY_SFC_SW_DWN,2008,DEC,17.64,12,31,MJ/m^2/day,All-sky surface shortwave downward irradiance
PRECTOTCORR,2008,DEC,0.31,12,31,mm/day,Corrected precipitation
RH2M,2008,DEC,73.47,12,31,%,Relative humidity at 2 m
T2M,2008,DEC,23.42,12,31,C,Temperature at 2 m
T2M_MAX,2008,DEC,30.63,12,31,C,Temperature at 2 m maximum
T2M_MIN,2008,DEC,15.2,12,31,C,Temperature at 2 m minimum
WS10M,2008,DEC,2.2,12,31,m/s,Wind speed at 10 m
ALLSKY_SFC_SW_DWN,2009,JAN,20.53,1,31,MJ/m^2/day,All-sky surface shortwave downward irradiance
PRECTOTCORR,2009,JAN,0.09,1,31,mm/day,Corrected precipitation
RH2M,2009,JAN,61.16,1,31,%,Relative humidity at 2 m
T2M,2009,JAN,24.27,1,31,C,Temperature at 2 m
T2M_MAX,2009,JAN,34.19,1,31,C,Temperature at 2 m maximum
T2M_MIN,2009,JAN,16.01,1,31,C,Temperature at 2 m minimum
WS10M,2009,JAN,2.27,1,31,m/s,Wind speed at 10 m
ALLSKY_SFC_SW_DWN,2009,FEB,22.78,2,28,MJ/m^2/day,All-sky surface shortwave downward irradiance
PRECTOTCORR,2009,FEB,0.0,2,28,mm/day,Corrected precipitation
RH2M,2009,FEB,54.95,2,28,%,Relative humidity at 2 m
T2M,2009,FEB,26.67,2,28,C,Temperature at 2 m
T2M_MAX,2009,FEB,37.3,2,28,C,Temperature at 2 m maximum
T2M_MIN,2009,FEB,17.43,2,28,C,Temperature at 2 m minimum
WS10M,2009,FEB,1.79,2,28,m/s,Wind speed at 10 m
ALLSKY_SFC_SW_DWN,2009,MAR,21.91,3,31,MJ/m^2/day,All-sky surface shortwave downward irradiance
PRECTOTCORR,2009,MAR,0.95,3,31,mm/day,Corrected precipitation
RH2M,2009,MAR,62.14,3,31,%,Relative humidity at 2 m
T2M,2009,MAR,28.19,3,31,C,Temperature at 2 m
T2M_MAX,2009,MAR,37.79,3,31,C,Temperature at 2 m maximum
T2M_MIN,2009,MAR,21.02,3,31,C,Temperature at 2 m minimum
WS10M,2009,MAR,1.59,3,31,m/s,Wind speed at 10 m
ALLSKY_SFC_SW_DWN,2009,APR,20.41,4,30,MJ/m^2/day,All-sky surface shortwave downward irradiance
PRECTOTCORR,2009,APR,2.25,4,30,mm/day,Corrected precipitation
RH2M,2009,APR,70.76,4,30,%,Relative humidity at 2 m
T2M,2009,APR,28.03,4,30,C,Temperature at 2 m
T2M_MAX,2009,APR,37.85,4,30,C,Temperature at 2 m maximum
T2M_MIN,2009,APR,22.91,4,30,C,Temperature at 2 m minimum
WS10M,2009,APR,2.04,4,30,m/s,Wind speed at 10 m
ALLSKY_SFC_SW_DWN,2009,MAY,19.1,5,31,MJ/m^2/day,All-sky surface shortwave downward irradiance
PRECTOTCORR,2009,MAY,5.84,5,31,mm/day,Corrected precipitation
RH2M,2009,MAY,82.42,5,31,%,Relative humidity at 2 m
T2M,2009,MAY,26.3,5,31,C,Temperature at 2 m
T2M_MAX,2009,MAY,33.7,5,31,C,Temperature at 2 m maximum
T2M_MIN,2009,MAY,21.96,5,31,C,Temperature at 2 m minimum
WS10M,2009,MAY,2.4,5,31,m/s,Wind speed at 10 m
ALLSKY_SFC_SW_DWN,2009,JUN,16.58,6,30,MJ/m^2/day,All-sky surface shortwave downward irradiance
PRECTOTCORR,2009,JUN,11.87,6,30,mm/day,Corrected precipitation
RH2M,2009,JUN,88.44,6,30,%,Relative humidity at 2 m
T2M,2009,JUN,24.52,6,30,C,Temperature at 2 m
T2M_MAX,2009,JUN,29.76,6,30,C,Temperature at 2 m maximum
T2M_MIN,2009,JUN,20.13,6,30,C,Temperature at 2 m minimum
WS10M,2009,JUN,3.12,6,30,m/s,Wind speed at 10 m
ALLSKY_SFC_SW_DWN,2009,JUL,13.67,7,31,MJ/m^2/day,All-sky surface shortwave downward irradiance
PRECTOTCORR,2009,JUL,23.11,7,31,mm/day,Corrected precipitation
RH2M,2009,JUL,92.32,7,31,%,Relative humidity at 2 m
T2M,2009,JUL,23.8,7,31,C,Temperature at 2 m
T2M_MAX,2009,JUL,27.68,7,31,C,Temperature at 2 m maximum
T2M_MIN,2009,JUL,20.39,7,31,C,Temperature at 2 m minimum
WS10M,2009,JUL,3.38,7,31,m/s,Wind speed at 10 m
ALLSKY_SFC_SW_DWN,2009,AUG,16.97,8,31,MJ/m^2/day,All-sky surface shortwave downward irradiance
PRECTOTCORR,2009,AUG,5.81,8,31,mm/day,Corrected precipitation
RH2M,2009,AUG,91.07,8,31,%,Relative humidity at 2 m
T2M,2009,AUG,24.03,8,31,C,Temperature at 2 m
T2M_MAX,2009,AUG,28.12,8,31,C,Temperature at 2 m maximum
T2M_MIN,2009,AUG,20.61,8,31,C,Temperature at 2 m minimum
WS10M,2009,AUG,2.91,8,31,m/s,Wind speed at 10 m
ALLSKY_SFC_SW_DWN,2009,SEP,16.72,9,30,MJ/m^2/day,All-sky surface shortwave downward irradiance
PRECTOTCORR,2009,SEP,8.19,9,30,mm/day,Corrected precipitation
RH2M,2009,SEP,90.91,9,30,%,Relative humidity at 2 m
T2M,2009,SEP,24.12,9,30,C,Temperature at 2 m
T2M_MAX,2009,SEP,29.21,9,30,C,Temperature at 2 m maximum
T2M_MIN,2009,SEP,21.11,9,30,C,Temperature at 2 m minimum
WS10M,2009,SEP,2.65,9,30,m/s,Wind speed at 10 m
ALLSKY_SFC_SW_DWN,2009,OCT,18.88,10,31,MJ/m^2/day,All-sky surface shortwave downward irradiance
PRECTOTCORR,2009,OCT,3.69,10,31,mm/day,Corrected precipitation
RH2M,2009,OCT,85.57,10,31,%,Relative humidity at 2 m
T2M,2009,OCT,24.5,10,31,C,Temperature at 2 m
T2M_MAX,2009,OCT,29.88,10,31,C,Temperature at 2 m maximum
T2M_MIN,2009,OCT,20.41,10,31,C,Temperature at 2 m minimum
WS10M,2009,OCT,1.93,10,31,m/s,Wind speed at 10 m
ALLSKY_SFC_SW_DWN,2009,NOV,16.32,11,30,MJ/m^2/day,All-sky surface shortwave downward irradiance
PRECTOTCORR,2009,NOV,8.17,11,30,mm/day,Corrected precipitation
RH2M,2009,NOV,85.41,11,30,%,Relative humidity at 2 m
T2M,2009,NOV,24.18,11,30,C,Temperature at 2 m
T2M_MAX,2009,NOV,30.14,11,30,C,Temperature at 2 m maximum
T2M_MIN,2009,NOV,18.68,11,30,C,Temperature at 2 m minimum
WS10M,2009,NOV,1.81,11,30,m/s,Wind speed at 10 m
ALLSKY_SFC_SW_DWN,2009,DEC,16.89,12,31,MJ/m^2/day,All-sky surface shortwave downward irradiance
PRECTOTCORR,2009,DEC,0.92,12,31,mm/day,Corrected precipitation
RH2M,2009,DEC,79.7,12,31,%,Relative humidity at 2 m
T2M,2009,DEC,23.92,12,31,C,Temperature at 2 m
T2M_MAX,2009,DEC,29.86,12,31,C,Temperature at 2 m maximum
T2M_MIN,2009,DEC,16.77,12,31,C,Temperature at 2 m minimum
WS10M,2009,DEC,2.06,12,31,m/s,Wind speed at 10 m
ALLSKY_SFC_SW_DWN,2010,JAN,19.36,1,31,MJ/m^2/day,All-sky surface shortwave downward irradiance
PRECTOTCORR,2010,JAN,0.18,1,31,mm/day,Corrected precipitation
RH2M,2010,JAN,68.23,1,31,%,Relative humidity at 2 m
T2M,2010,JAN,24.93,1,31,C,Temperature at 2 m
T2M_MAX,2010,JAN,33.92,1,31,C,Temperature at 2 m maximum
T2M_MIN,2010,JAN,17.38,1,31,C,Temperature at 2 m minimum
WS10M,2010,JAN,1.92,1,31,m/s,Wind speed at 10 m
ALLSKY_SFC_SW_DWN,2010,FEB,21.87,2,28,MJ/m^2/day,All-sky surface shortwave downward irradiance
PRECTOTCORR,2010,FEB,0.01,2,28,mm/day,Corrected precipitation
RH2M,2010,FEB,58.75,2,28,%,Relative humidity at 2 m
T2M,2010,FEB,27.04,2,28,C,Temperature at 2 m
T2M_MAX,2010,FEB,36.87,2,28,C,Temperature at 2 m maximum
T2M_MIN,2010,FEB,17.93,2,28,C,Temperature at 2 m minimum
WS10M,2010,FEB,1.8,2,28,m/s,Wind speed at 10 m
ALLSKY_SFC_SW_DWN,2010,MAR,22.84,3,31,MJ/m^2/day,All-sky surface shortwave downward irradiance
PRECTOTCORR,2010,MAR,0.29,3,31,mm/day,Corrected precipitation
RH2M,2010,MAR,57.9,3,31,%,Relative humidity at 2 m
T2M,2010,MAR,28.97,3,31,C,Temperature at 2 m
T2M_MAX,2010,MAR,38.07,3,31,C,Temperature at 2 m maximum
T2M_MIN,2010,MAR,21.41,3,31,C,Temperature at 2 m minimum
WS10M,2010,MAR,1.9,3,31,m/s,Wind speed at 10 m
ALLSKY_SFC_SW_DWN,2010,APR,21.34,4,30,MJ/m^2/day,All-sky surface shortwave downward irradiance
PRECTOTCORR,2010,APR,4.02,4,30,mm/day,Corrected precipitation
RH2M,2010,APR,75.37,4,30,%,Relative humidity at 2 m
T2M,2010,APR,27.9,4,30,C,Temperature at 2 m
T2M_MAX,2010,APR,37.18,4,30,C,Temperature at 2 m maximum
T2M_MIN,2010,APR,23.95,4,30,C,Temperature at 2 m minimum
WS10M,2010,APR,1.81,4,30,m/s,Wind speed at 10 m
ALLSKY_SFC_SW_DWN,2010,MAY,18.87,5,31,MJ/m^2/day,All-sky surface shortwave downward irradiance
PRECTOTCORR,2010,MAY,4.79,5,31,mm/day,Corrected precipitation
RH2M,2010,MAY,82.52,5,31,%,Relative humidity at 2 m
T2M,2010,MAY,26.92,5,31,C,Temperature at 2 m
T2M_MAX,2010,MAY,34.11,5,31,C,Temperature at 2 m maximum
T2M_MIN,2010,MAY,22.04,5,31,C,Temperature at 2 m minimum
WS10M,2010,MAY,2.51,5,31,m/s,Wind speed at 10 m
ALLSKY_SFC_SW_DWN,2010,JUN,15.83,6,30,MJ/m^2/day,All-sky surface shortwave downward irradiance
PRECTOTCORR,2010,JUN,17.97,6,30,mm/day,Corrected precipitation
RH2M,2010,JUN,89.02,6,30,%,Relative humidity at 2 m
T2M,2010,JUN,24.99,6,30,C,Temperature at 2 m
T2M_MAX,2010,JUN,32.52,6,30,C,Temperature at 2 m maximum
T2M_MIN,2010,JUN,21.82,6,30,C,Temperature at 2 m minimum
WS10M,2010,JUN,3.16,6,30,m/s,Wind speed at 10 m
ALLSKY_SFC_SW_DWN,2010,JUL,14.28,7,31,MJ/m^2/day,All-sky surface shortwave downward irradiance
PRECTOTCORR,2010,JUL,13.92,7,31,mm/day,Corrected precipitation
RH2M,2010,JUL,91.15,7,31,%,Relative humidity at 2 m
T2M,2010,JUL,23.67,7,31,C,Temperature at 2 m
T2M_MAX,2010,JUL,28.68,7,31,C,Temperature at 2 m maximum
T2M_MIN,2010,JUL,20.64,7,31,C,Temperature at 2 m minimum
WS10M,2010,JUL,3.01,7,31,m/s,Wind speed at 10 m
ALLSKY_SFC_SW_DWN,2010,AUG,14.72,8,31,MJ/m^2/day,All-sky surface shortwave downward irradiance
PRECTOTCORR,2010,AUG,7.37,8,31,mm/day,Corrected precipitation
RH2M,2010,AUG,92.5,8,31,%,Relative humidity at 2 m
T2M,2010,AUG,23.81,8,31,C,Temperature at 2 m
T2M_MAX,2010,AUG,28.03,8,31,C,Temperature at 2 m maximum
T2M_MIN,2010,AUG,20.73,8,31,C,Temperature at 2 m minimum
WS10M,2010,AUG,3.05,8,31,m/s,Wind speed at 10 m
ALLSKY_SFC_SW_DWN,2010,SEP,17.19,9,30,MJ/m^2/day,All-sky surface shortwave downward irradiance
PRECTOTCORR,2010,SEP,7.3,9,30,mm/day,Corrected precipitation
RH2M,2010,SEP,89.9,9,30,%,Relative humidity at 2 m
T2M,2010,SEP,24.03,9,30,C,Temperature at 2 m
T2M_MAX,2010,SEP,29.7,9,30,C,Temperature at 2 m maximum
T2M_MIN,2010,SEP,20.74,9,30,C,Temperature at 2 m minimum
WS10M,2010,SEP,1.99,9,30,m/s,Wind speed at 10 m
ALLSKY_SFC_SW_DWN,2010,OCT,15.82,10,31,MJ/m^2/day,All-sky surface shortwave downward irradiance
PRECTOTCORR,2010,OCT,11.37,10,31,mm/day,Corrected precipitation
RH2M,2010,OCT,90.6,10,31,%,Relative humidity at 2 m
T2M,2010,OCT,24.15,10,31,C,Temperature at 2 m
T2M_MAX,2010,OCT,29.24,10,31,C,Temperature at 2 m maximum
T2M_MIN,2010,OCT,20.86,10,31,C,Temperature at 2 m minimum
WS10M,2010,OCT,2.32,10,31,m/s,Wind speed at 10 m
ALLSKY_SFC_SW_DWN,2010,NOV,14.64,11,30,MJ/m^2/day,All-sky surface shortwave downward irradiance
PRECTOTCORR,2010,NOV,8.87,11,30,mm/day,Corrected precipitation
RH2M,2010,NOV,88.98,11,30,%,Relative humidity at 2 m
T2M,2010,NOV,23.75,11,30,C,Temperature at 2 m
T2M_MAX,2010,NOV,28.68,11,30,C,Temperature at 2 m maximum
T2M_MIN,2010,NOV,20.34,11,30,C,Temperature at 2 m minimum
WS10M,2010,NOV,1.64,11,30,m/s,Wind speed at 10 m
ALLSKY_SFC_SW_DWN,2010,DEC,16.47,12,31,MJ/m^2/day,All-sky surface shortwave downward irradiance
PRECTOTCORR,2010,DEC,0.91,12,31,mm/day,Corrected precipitation
RH2M,2010,DEC,83.25,12,31,%,Relative humidity at 2 m
T2M,2010,DEC,22.72,12,31,C,Temperature at 2 m
T2M_MAX,2010,DEC,27.73,12,31,C,Temperature at 2 m maximum
T2M_MIN,2010,DEC,16.1,12,31,C,Temperature at 2 m minimum
WS10M,2010,DEC,1.7,12,31,m/s,Wind speed at 10 m
ALLSKY_SFC_SW_DWN,2011,JAN,19.69,1,31,MJ/m^2/day,All-sky surface shortwave downward irradiance
PRECTOTCORR,2011,JAN,0.05,1,31,mm/day,Corrected precipitation
RH2M,2011,JAN,72.86,1,31,%,Relative humidity at 2 m
T2M,2011,JAN,23.47,1,31,C,Temperature at 2 m
T2M_MAX,2011,JAN,32.31,1,31,C,Temperature at 2 m maximum
T2M_MIN,2011,JAN,16.42,1,31,C,Temperature at 2 m minimum
WS10M,2011,JAN,2.09,1,31,m/s,Wind speed at 10 m
ALLSKY_SFC_SW_DWN,2011,FEB,21.16,2,28,MJ/m^2/day,All-sky surface shortwave downward irradiance
PRECTOTCORR,2011,FEB,1.58,2,28,mm/day,Corrected precipitation
RH2M,2011,FEB,65.57,2,28,%,Relative humidity at 2 m
T2M,2011,FEB,24.9,2,28,C,Temperature at 2 m
T2M_MAX,2011,FEB,33.97,2,28,C,Temperature at 2 m maximum
T2M_MIN,2011,FEB,16.1,2,28,C,Temperature at 2 m minimum
WS10M,2011,FEB,1.9,2,28,m/s,Wind speed at 10 m
ALLSKY_SFC_SW_DWN,2011,MAR,23.57,3,31,MJ/m^2/day,All-sky surface shortwave downward irradiance
PRECTOTCORR,2011,MAR,0.45,3,31,mm/day,Corrected precipitation
RH2M,2011,MAR,60.96,3,31,%,Relative humidity at 2 m
T2M,2011,MAR,27.31,3,31,C,Temperature at 2 m
T2M_MAX,2011,MAR,36.56,3,31,C,Temperature at 2 m maximum
T2M_MIN,2011,MAR,18.12,3,31,C,Temperature at 2 m minimum
WS10M,2011,MAR,1.93,3,31,m/s,Wind speed at 10 m
ALLSKY_SFC_SW_DWN,2011,APR,20.51,4,30,MJ/m^2/day,All-sky surface shortwave downward irradiance
PRECTOTCORR,2011,APR,4.0,4,30,mm/day,Corrected precipitation
RH2M,2011,APR,72.9,4,30,%,Relative humidity at 2 m
T2M,2011,APR,27.2,4,30,C,Temperature at 2 m
T2M_MAX,2011,APR,36.91,4,30,C,Temperature at 2 m maximum
T2M_MIN,2011,APR,22.5,4,30,C,Temperature at 2 m minimum
WS10M,2011,APR,1.85,4,30,m/s,Wind speed at 10 m
ALLSKY_SFC_SW_DWN,2011,MAY,20.66,5,31,MJ/m^2/day,All-sky surface shortwave downward irradiance
PRECTOTCORR,2011,MAY,4.15,5,31,mm/day,Corrected precipitation
RH2M,2011,MAY,79.36,5,31,%,Relative humidity at 2 m
T2M,2011,MAY,26.72,5,31,C,Temperature at 2 m
T2M_MAX,2011,MAY,34.46,5,31,C,Temperature at 2 m maximum
T2M_MIN,2011,MAY,22.46,5,31,C,Temperature at 2 m minimum
WS10M,2011,MAY,2.59,5,31,m/s,Wind speed at 10 m
ALLSKY_SFC_SW_DWN,2011,JUN,14.56,6,30,MJ/m^2/day,All-sky surface shortwave downward irradiance
PRECTOTCORR,2011,JUN,14.53,6,30,mm/day,Corrected precipitation
RH2M,2011,JUN,89.62,6,30,%,Relative humidity at 2 m
T2M,2011,JUN,24.66,6,30,C,Temperature at 2 m
T2M_MAX,2011,JUN,28.45,6,30,C,Temperature at 2 m maximum
T2M_MIN,2011,JUN,20.47,6,30,C,Temperature at 2 m minimum
WS10M,2011,JUN,3.34,6,30,m/s,Wind speed at 10 m
ALLSKY_SFC_SW_DWN,2011,JUL,13.83,7,31,MJ/m^2/day,All-sky surface shortwave downward irradiance
PRECTOTCORR,2011,JUL,11.87,7,31,mm/day,Corrected precipitation
RH2M,2011,JUL,90.98,7,31,%,Relative humidity at 2 m
T2M,2011,JUL,23.45,7,31,C,Temperature at 2 m
T2M_MAX,2011,JUL,27.47,7,31,C,Temperature at 2 m maximum
T2M_MIN,2011,JUL,20.42,7,31,C,Temperature at 2 m minimum
WS10M,2011,JUL,3.11,7,31,m/s,Wind speed at 10 m
ALLSKY_SFC_SW_DWN,2011,AUG,14.69,8,31,MJ/m^2/day,All-sky surface shortwave downward irradiance
PRECTOTCORR,2011,AUG,10.32,8,31,mm/day,Corrected precipitation
RH2M,2011,AUG,91.66,8,31,%,Relative humidity at 2 m
T2M,2011,AUG,23.59,8,31,C,Temperature at 2 m
T2M_MAX,2011,AUG,27.4,8,31,C,Temperature at 2 m maximum
T2M_MIN,2011,AUG,20.59,8,31,C,Temperature at 2 m minimum
WS10M,2011,AUG,2.93,8,31,m/s,Wind speed at 10 m
ALLSKY_SFC_SW_DWN,2011,SEP,17.41,9,30,MJ/m^2/day,All-sky surface shortwave downward irradiance
PRECTOTCORR,2011,SEP,8.41,9,30,mm/day,Corrected precipitation
RH2M,2011,SEP,90.35,9,30,%,Relative humidity at 2 m
T2M,2011,SEP,23.91,9,30,C,Temperature at 2 m
T2M_MAX,2011,SEP,28.67,9,30,C,Temperature at 2 m maximum
T2M_MIN,2011,SEP,20.73,9,30,C,Temperature at 2 m minimum
WS10M,2011,SEP,2.58,9,30,m/s,Wind speed at 10 m
ALLSKY_SFC_SW_DWN,2011,OCT,18.79,10,31,MJ/m^2/day,All-sky surface shortwave downward irradiance
PRECTOTCORR,2011,OCT,6.77,10,31,mm/day,Corrected precipitation
RH2M,2011,OCT,86.99,10,31,%,Relative humidity at 2 m
T2M,2011,OCT,24.36,10,31,C,Temperature at 2 m
T2M_MAX,2011,OCT,29.44,10,31,C,Temperature at 2 m maximum
T2M_MIN,2011,OCT,20.52,10,31,C,Temperature at 2 m minimum
WS10M,2011,OCT,1.77,10,31,m/s,Wind speed at 10 m
ALLSKY_SFC_SW_DWN,2011,NOV,17.2,11,30,MJ/m^2/day,All-sky surface shortwave downward irradiance
PRECTOTCORR,2011,NOV,4.54,11,30,mm/day,Corrected precipitation
RH2M,2011,NOV,83.0,11,30,%,Relative humidity at 2 m
T2M,2011,NOV,23.5,11,30,C,Temperature at 2 m
T2M_MAX,2011,NOV,29.06,11,30,C,Temperature at 2 m maximum
T2M_MIN,2011,NOV,16.71,11,30,C,Temperature at 2 m minimum
WS10M,2011,NOV,2.38,11,30,m/s,Wind speed at 10 m
ALLSKY_SFC_SW_DWN,2011,DEC,17.33,12,31,MJ/m^2/day,All-sky surface shortwave downward irradiance
PRECTOTCORR,2011,DEC,0.61,12,31,mm/day,Corrected precipitation
RH2M,2011,DEC,74.87,12,31,%,Relative humidity at 2 m
T2M,2011,DEC,23.31,12,31,C,Temperature at 2 m
T2M_MAX,2011,DEC,31.5,12,31,C,Temperature at 2 m maximum
T2M_MIN,2011,DEC,14.7,12,31,C,Temperature at 2 m minimum
WS10M,2011,DEC,2.25,12,31,m/s,Wind speed at 10 m
ALLSKY_SFC_SW_DWN,2012,JAN,20.34,1,31,MJ/m^2/day,All-sky surface shortwave downward irradiance
PRECTOTCORR,2012,JAN,0.01,1,31,mm/day,Corrected precipitation
RH2M,2012,JAN,64.71,1,31,%,Relative humidity at 2 m
T2M,2012,JAN,24.61,1,31,C,Temperature at 2 m
T2M_MAX,2012,JAN,32.8,1,31,C,Temperature at 2 m maximum
T2M_MIN,2012,JAN,15.95,1,31,C,Temperature at 2 m minimum
WS10M,2012,JAN,1.85,1,31,m/s,Wind speed at 10 m
ALLSKY_SFC_SW_DWN,2012,FEB,21.96,2,29,MJ/m^2/day,All-sky surface shortwave downward irradiance
PRECTOTCORR,2012,FEB,0.22,2,29,mm/day,Corrected precipitation
RH2M,2012,FEB,52.6,2,29,%,Relative humidity at 2 m
T2M,2012,FEB,26.48,2,29,C,Temperature at 2 m
T2M_MAX,2012,FEB,37.65,2,29,C,Temperature at 2 m maximum
T2M_MIN,2012,FEB,17.13,2,29,C,Temperature at 2 m minimum
WS10M,2012,FEB,2.01,2,29,m/s,Wind speed at 10 m
ALLSKY_SFC_SW_DWN,2012,MAR,21.45,3,31,MJ/m^2/day,All-sky surface shortwave downward irradiance
PRECTOTCORR,2012,MAR,0.28,3,31,mm/day,Corrected precipitation
RH2M,2012,MAR,60.73,3,31,%,Relative humidity at 2 m
T2M,2012,MAR,28.18,3,31,C,Temperature at 2 m
T2M_MAX,2012,MAR,37.62,3,31,C,Temperature at 2 m maximum
T2M_MIN,2012,MAR,20.9,3,31,C,Temperature at 2 m minimum
WS10M,2012,MAR,2.01,3,31,m/s,Wind speed at 10 m
ALLSKY_SFC_SW_DWN,2012,APR,20.7,4,30,MJ/m^2/day,All-sky surface shortwave downward irradiance
PRECTOTCORR,2012,APR,4.63,4,30,mm/day,Corrected precipitation
RH2M,2012,APR,74.37,4,30,%,Relative humidity at 2 m
T2M,2012,APR,27.4,4,30,C,Temperature at 2 m
T2M_MAX,2012,APR,36.6,4,30,C,Temperature at 2 m maximum
T2M_MIN,2012,APR,22.85,4,30,C,Temperature at 2 m minimum
WS10M,2012,APR,2.01,4,30,m/s,Wind speed at 10 m
ALLSKY_SFC_SW_DWN,2012,MAY,18.84,5,31,MJ/m^2/day,All-sky surface shortwave downward irradiance
PRECTOTCORR,2012,MAY,1.93,5,31,mm/day,Corrected precipitation
RH2M,2012,MAY,81.82,5,31,%,Relative humidity at 2 m
T2M,2012,MAY,26.3,5,31,C,Temperature at 2 m
T2M_MAX,2012,MAY,33.54,5,31,C,Temperature at 2 m maximum
T2M_MIN,2012,MAY,22.4,5,31,C,Temperature at 2 m minimum
WS10M,2012,MAY,2.59,5,31,m/s,Wind speed at 10 m
ALLSKY_SFC_SW_DWN,2012,JUN,15.72,6,30,MJ/m^2/day,All-sky surface shortwave downward irradiance
PRECTOTCORR,2012,JUN,11.3,6,30,mm/day,Corrected precipitation
RH2M,2012,JUN,87.63,6,30,%,Relative humidity at 2 m
T2M,2012,JUN,24.62,6,30,C,Temperature at 2 m
T2M_MAX,2012,JUN,31.04,6,30,C,Temperature at 2 m maximum
T2M_MIN,2012,JUN,21.37,6,30,C,Temperature at 2 m minimum
WS10M,2012,JUN,3.04,6,30,m/s,Wind speed at 10 m
ALLSKY_SFC_SW_DWN,2012,JUL,16.37,7,31,MJ/m^2/day,All-sky surface shortwave downward irradiance
PRECTOTCORR,2012,JUL,6.39,7,31,mm/day,Corrected precipitation
RH2M,2012,JUL,90.61,7,31,%,Relative humidity at 2 m
T2M,2012,JUL,24.21,7,31,C,Temperature at 2 m
T2M_MAX,2012,JUL,27.71,7,31,C,Temperature at 2 m maximum
T2M_MIN,2012,JUL,20.93,7,31,C,Temperature at 2 m minimum
WS10M,2012,JUL,3.1,7,31,m/s,Wind speed at 10 m
ALLSKY_SFC_SW_DWN,2012,AUG,14.88,8,31,MJ/m^2/day,All-sky surface shortwave downward irradiance
PRECTOTCORR,2012,AUG,8.98,8,31,mm/day,Corrected precipitation
RH2M,2012,AUG,90.43,8,31,%,Relative humidity at 2 m
T2M,2012,AUG,23.81,8,31,C,Temperature at 2 m
T2M_MAX,2012,AUG,28.68,8,31,C,Temperature at 2 m maximum
T2M_MIN,2012,AUG,20.91,8,31,C,Temperature at 2 m minimum
WS10M,2012,AUG,2.9,8,31,m/s,Wind speed at 10 m
ALLSKY_SFC_SW_DWN,2012,SEP,18.34,9,30,MJ/m^2/day,All-sky surface shortwave downward irradiance
PRECTOTCORR,2012,SEP,4.47,9,30,mm/day,Corrected precipitation
RH2M,2012,SEP,89.21,9,30,%,Relative humidity at 2 m
T2M,2012,SEP,24.04,9,30,C,Temperature at 2 m
T2M_MAX,2012,SEP,28.58,9,30,C,Temperature at 2 m maximum
T2M_MIN,2012,SEP,20.71,9,30,C,Temperature at 2 m minimum
WS10M,2012,SEP,2.52,9,30,m/s,Wind speed at 10 m
ALLSKY_SFC_SW_DWN,2012,OCT,18.29,10,31,MJ/m^2/day,All-sky surface shortwave downward irradiance
PRECTOTCORR,2012,OCT,6.14,10,31,mm/day,Corrected precipitation
RH2M,2012,OCT,85.65,10,31,%,Relative humidity at 2 m
T2M,2012,OCT,24.59,10,31,C,Temperature at 2 m
T2M_MAX,2012,OCT,30.02,10,31,C,Temperature at 2 m maximum
T2M_MIN,2012,OCT,20.65,10,31,C,Temperature at 2 m minimum
WS10M,2012,OCT,1.76,10,31,m/s,Wind speed at 10 m
ALLSKY_SFC_SW_DWN,2012,NOV,18.65,11,30,MJ/m^2/day,All-sky surface shortwave downward irradiance
PRECTOTCORR,2012,NOV,3.4,11,30,mm/day,Corrected precipitation
RH2M,2012,NOV,80.73,11,30,%,Relative humidity at 2 m
T2M,2012,NOV,24.03,11,30,C,Temperature at 2 m
T2M_MAX,2012,NOV,30.03,11,30,C,Temperature at 2 m maximum
T2M_MIN,2012,NOV,16.77,11,30,C,Temperature at 2 m minimum
WS10M,2012,NOV,1.67,11,30,m/s,Wind speed at 10 m
ALLSKY_SFC_SW_DWN,2012,DEC,17.71,12,31,MJ/m^2/day,All-sky surface shortwave downward irradiance
PRECTOTCORR,2012,DEC,0.21,12,31,mm/day,Corrected precipitation
RH2M,2012,DEC,69.01,12,31,%,Relative humidity at 2 m
T2M,2012,DEC,25.14,12,31,C,Temperature at 2 m
T2M_MAX,2012,DEC,32.55,12,31,C,Temperature at 2 m maximum
T2M_MIN,2012,DEC,17.59,12,31,C,Temperature at 2 m minimum
WS10M,2012,DEC,2.14,12,31,m/s,Wind speed at 10 m
ALLSKY_SFC_SW_DWN,2013,JAN,20.31,1,31,MJ/m^2/day,All-sky surface shortwave downward irradiance
PRECTOTCORR,2013,JAN,0.02,1,31,mm/day,Corrected precipitation
RH2M,2013,JAN,58.36,1,31,%,Relative humidity at 2 m
T2M,2013,JAN,26.08,1,31,C,Temperature at 2 m
T2M_MAX,2013,JAN,34.43,1,31,C,Temperature at 2 m maximum
T2M_MIN,2013,JAN,18.58,1,31,C,Temperature at 2 m minimum
WS10M,2013,JAN,1.94,1,31,m/s,Wind speed at 10 m
ALLSKY_SFC_SW_DWN,2013,FEB,21.34,2,28,MJ/m^2/day,All-sky surface shortwave downward irradiance
PRECTOTCORR,2013,FEB,1.56,2,28,mm/day,Corrected precipitation
RH2M,2013,FEB,60.81,2,28,%,Relative humidity at 2 m
T2M,2013,FEB,26.46,2,28,C,Temperature at 2 m
T2M_MAX,2013,FEB,35.83,2,28,C,Temperature at 2 m maximum
T2M_MIN,2013,FEB,17.23,2,28,C,Temperature at 2 m minimum
WS10M,2013,FEB,2.11,2,28,m/s,Wind speed at 10 m
ALLSKY_SFC_SW_DWN,2013,MAR,21.57,3,31,MJ/m^2/day,All-sky surface shortwave downward irradiance
PRECTOTCORR,2013,MAR,0.97,3,31,mm/day,Corrected precipitation
RH2M,2013,MAR,62.83,3,31,%,Relative humidity at 2 m
T2M,2013,MAR,28.08,3,31,C,Temperature at 2 m
T2M_MAX,2013,MAR,37.19,3,31,C,Temperature at 2 m maximum
T2M_MIN,2013,MAR,19.04,3,31,C,Temperature at 2 m minimum
WS10M,2013,MAR,1.93,3,31,m/s,Wind speed at 10 m
ALLSKY_SFC_SW_DWN,2013,APR,21.47,4,30,MJ/m^2/day,All-sky surface shortwave downward irradiance
PRECTOTCORR,2013,APR,0.32,4,30,mm/day,Corrected precipitation
RH2M,2013,APR,64.95,4,30,%,Relative humidity at 2 m
T2M,2013,APR,28.76,4,30,C,Temperature at 2 m
T2M_MAX,2013,APR,38.97,4,30,C,Temperature at 2 m maximum
T2M_MIN,2013,APR,22.45,4,30,C,Temperature at 2 m minimum
WS10M,2013,APR,2.46,4,30,m/s,Wind speed at 10 m
ALLSKY_SFC_SW_DWN,2013,MAY,18.19,5,31,MJ/m^2/day,All-sky surface shortwave downward irradiance
PRECTOTCORR,2013,MAY,4.2,5,31,mm/day,Corrected precipitation
RH2M,2013,MAY,77.25,5,31,%,Relative humidity at 2 m
T2M,2013,MAY,27.08,5,31,C,Temperature at 2 m
T2M_MAX,2013,MAY,35.49,5,31,C,Temperature at 2 m maximum
T2M_MIN,2013,MAY,22.28,5,31,C,Temperature at 2 m minimum
WS10M,2013,MAY,2.87,5,31,m/s,Wind speed at 10 m
ALLSKY_SFC_SW_DWN,2013,JUN,12.75,6,30,MJ/m^2/day,All-sky surface shortwave downward irradiance
PRECTOTCORR,2013,JUN,21.45,6,30,mm/day,Corrected precipitation
RH2M,2013,JUN,90.46,6,30,%,Relative humidity at 2 m
T2M,2013,JUN,24.37,6,30,C,Temperature at 2 m
T2M_MAX,2013,JUN,28.71,6,30,C,Temperature at 2 m maximum
T2M_MIN,2013,JUN,21.76,6,30,C,Temperature at 2 m minimum
WS10M,2013,JUN,3.66,6,30,m/s,Wind speed at 10 m
ALLSKY_SFC_SW_DWN,2013,JUL,12.36,7,31,MJ/m^2/day,All-sky surface shortwave downward irradiance
PRECTOTCORR,2013,JUL,17.68,7,31,mm/day,Corrected precipitation
RH2M,2013,JUL,92.51,7,31,%,Relative humidity at 2 m
T2M,2013,JUL,23.43,7,31,C,Temperature at 2 m
T2M_MAX,2013,JUL,26.72,7,31,C,Temperature at 2 m maximum
T2M_MIN,2013,JUL,21.12,7,31,C,Temperature at 2 m minimum
WS10M,2013,JUL,3.6,7,31,m/s,Wind speed at 10 m
ALLSKY_SFC_SW_DWN,2013,AUG,16.34,8,31,MJ/m^2/day,All-sky surface shortwave downward irradiance
PRECTOTCORR,2013,AUG,7.43,8,31,mm/day,Corrected precipitation
RH2M,2013,AUG,91.82,8,31,%,Relative humidity at 2 m
T2M,2013,AUG,23.72,8,31,C,Temperature at 2 m
T2M_MAX,2013,AUG,28.96,8,31,C,Temperature at 2 m maximum
T2M_MIN,2013,AUG,21.0,8,31,C,Temperature at 2 m minimum
WS10M,2013,AUG,3.03,8,31,m/s,Wind speed at 10 m
ALLSKY_SFC_SW_DWN,2013,SEP,17.1,9,30,MJ/m^2/day,All-sky surface shortwave downward irradiance
PRECTOTCORR,2013,SEP,5.29,9,30,mm/day,Corrected precipitation
RH2M,2013,SEP,89.96,9,30,%,Relative humidity at 2 m
T2M,2013,SEP,23.9,9,30,C,Temperature at 2 m
T2M_MAX,2013,SEP,28.76,9,30,C,Temperature at 2 m maximum
T2M_MIN,2013,SEP,20.69,9,30,C,Temperature at 2 m minimum
WS10M,2013,SEP,2.66,9,30,m/s,Wind speed at 10 m
ALLSKY_SFC_SW_DWN,2013,OCT,17.78,10,31,MJ/m^2/day,All-sky surface shortwave downward irradiance
PRECTOTCORR,2013,OCT,5.74,10,31,mm/day,Corrected precipitation
RH2M,2013,OCT,89.01,10,31,%,Relative humidity at 2 m
T2M,2013,OCT,24.12,10,31,C,Temperature at 2 m
T2M_MAX,2013,OCT,29.17,10,31,C,Temperature at 2 m maximum
T2M_MIN,2013,OCT,20.59,10,31,C,Temperature at 2 m minimum
WS10M,2013,OCT,2.16,10,31,m/s,Wind speed at 10 m
ALLSKY_SFC_SW_DWN,2013,NOV,17.45,11,30,MJ/m^2/day,All-sky surface shortwave downward irradiance
PRECTOTCORR,2013,NOV,3.74,11,30,mm/day,Corrected precipitation
RH2M,2013,NOV,84.13,11,30,%,Relative humidity at 2 m
T2M,2013,NOV,24.27,11,30,C,Temperature at 2 m
T2M_MAX,2013,NOV,29.19,11,30,C,Temperature at 2 m maximum
T2M_MIN,2013,NOV,18.69,11,30,C,Temperature at 2 m minimum
WS10M,2013,NOV,1.57,11,30,m/s,Wind speed at 10 m
ALLSKY_SFC_SW_DWN,2013,DEC,18.01,12,31,MJ/m^2/day,All-sky surface shortwave downward irradiance
PRECTOTCORR,2013,DEC,0.91,12,31,mm/day,Corrected precipitation
RH2M,2013,DEC,73.39,12,31,%,Relative humidity at 2 m
T2M,2013,DEC,23.43,12,31,C,Temperature at 2 m
T2M_MAX,2013,DEC,30.38,12,31,C,Temperature at 2 m maximum
T2M_MIN,2013,DEC,16.43,12,31,C,Temperature at 2 m minimum
WS10M,2013,DEC,2.13,12,31,m/s,Wind speed at 10 m
ALLSKY_SFC_SW_DWN,2014,JAN,19.69,1,31,MJ/m^2/day,All-sky surface shortwave downward irradiance
PRECTOTCORR,2014,JAN,0.01,1,31,mm/day,Corrected precipitation
RH2M,2014,JAN,62.14,1,31,%,Relative humidity at 2 m
T2M,2014,JAN,25.16,1,31,C,Temperature at 2 m
T2M_MAX,2014,JAN,33.48,1,31,C,Temperature at 2 m maximum
T2M_MIN,2014,JAN,18.39,1,31,C,Temperature at 2 m minimum
WS10M,2014,JAN,2.24,1,31,m/s,Wind speed at 10 m
ALLSKY_SFC_SW_DWN,2014,FEB,20.85,2,28,MJ/m^2/day,All-sky surface shortwave downward irradiance
PRECTOTCORR,2014,FEB,0.08,2,28,mm/day,Corrected precipitation
RH2M,2014,FEB,58.78,2,28,%,Relative humidity at 2 m
T2M,2014,FEB,26.74,2,28,C,Temperature at 2 m
T2M_MAX,2014,FEB,35.91,2,28,C,Temperature at 2 m maximum
T2M_MIN,2014,FEB,18.23,2,28,C,Temperature at 2 m minimum
WS10M,2014,FEB,2.12,2,28,m/s,Wind speed at 10 m
ALLSKY_SFC_SW_DWN,2014,MAR,23.0,3,31,MJ/m^2/day,All-sky surface shortwave downward irradiance
PRECTOTCORR,2014,MAR,0.22,3,31,mm/day,Corrected precipitation
RH2M,2014,MAR,52.0,3,31,%,Relative humidity at 2 m
T2M,2014,MAR,28.56,3,31,C,Temperature at 2 m
T2M_MAX,2014,MAR,38.17,3,31,C,Temperature at 2 m maximum
T2M_MIN,2014,MAR,19.69,3,31,C,Temperature at 2 m minimum
WS10M,2014,MAR,1.89,3,31,m/s,Wind speed at 10 m
ALLSKY_SFC_SW_DWN,2014,APR,20.7,4,30,MJ/m^2/day,All-sky surface shortwave downward irradiance
PRECTOTCORR,2014,APR,1.72,4,30,mm/day,Corrected precipitation
RH2M,2014,APR,71.84,4,30,%,Relative humidity at 2 m
T2M,2014,APR,28.12,4,30,C,Temperature at 2 m
T2M_MAX,2014,APR,38.57,4,30,C,Temperature at 2 m maximum
T2M_MIN,2014,APR,23.51,4,30,C,Temperature at 2 m minimum
WS10M,2014,APR,1.9,4,30,m/s,Wind speed at 10 m
ALLSKY_SFC_SW_DWN,2014,MAY,19.1,5,31,MJ/m^2/day,All-sky surface shortwave downward irradiance
PRECTOTCORR,2014,MAY,8.81,5,31,mm/day,Corrected precipitation
RH2M,2014,MAY,83.56,5,31,%,Relative humidity at 2 m
T2M,2014,MAY,26.42,5,31,C,Temperature at 2 m
T2M_MAX,2014,MAY,33.59,5,31,C,Temperature at 2 m maximum
T2M_MIN,2014,MAY,21.86,5,31,C,Temperature at 2 m minimum
WS10M,2014,MAY,2.1,5,31,m/s,Wind speed at 10 m
ALLSKY_SFC_SW_DWN,2014,JUN,16.73,6,30,MJ/m^2/day,All-sky surface shortwave downward irradiance
PRECTOTCORR,2014,JUN,9.2,6,30,mm/day,Corrected precipitation
RH2M,2014,JUN,89.27,6,30,%,Relative humidity at 2 m
T2M,2014,JUN,25.42,6,30,C,Temperature at 2 m
T2M_MAX,2014,JUN,29.14,6,30,C,Temperature at 2 m maximum
T2M_MIN,2014,JUN,22.6,6,30,C,Temperature at 2 m minimum
WS10M,2014,JUN,3.2,6,30,m/s,Wind speed at 10 m
ALLSKY_SFC_SW_DWN,2014,JUL,14.61,7,31,MJ/m^2/day,All-sky surface shortwave downward irradiance
PRECTOTCORR,2014,JUL,17.45,7,31,mm/day,Corrected precipitation
RH2M,2014,JUL,92.14,7,31,%,Relative humidity at 2 m
T2M,2014,JUL,24.15,7,31,C,Temperature at 2 m
T2M_MAX,2014,JUL,28.65,7,31,C,Temperature at 2 m maximum
T2M_MIN,2014,JUL,20.58,7,31,C,Temperature at 2 m minimum
WS10M,2014,JUL,3.26,7,31,m/s,Wind speed at 10 m
ALLSKY_SFC_SW_DWN,2014,AUG,14.99,8,31,MJ/m^2/day,All-sky surface shortwave downward irradiance
PRECTOTCORR,2014,AUG,15.46,8,31,mm/day,Corrected precipitation
RH2M,2014,AUG,92.13,8,31,%,Relative humidity at 2 m
T2M,2014,AUG,23.69,8,31,C,Temperature at 2 m
T2M_MAX,2014,AUG,27.95,8,31,C,Temperature at 2 m maximum
T2M_MIN,2014,AUG,21.3,8,31,C,Temperature at 2 m minimum
WS10M,2014,AUG,2.81,8,31,m/s,Wind speed at 10 m
ALLSKY_SFC_SW_DWN,2014,SEP,18.82,9,30,MJ/m^2/day,All-sky surface shortwave downward irradiance
PRECTOTCORR,2014,SEP,6.73,9,30,mm/day,Corrected precipitation
RH2M,2014,SEP,90.07,9,30,%,Relative humidity at 2 m
T2M,2014,SEP,24.44,9,30,C,Temperature at 2 m
T2M_MAX,2014,SEP,29.45,9,30,C,Temperature at 2 m maximum
T2M_MIN,2014,SEP,21.43,9,30,C,Temperature at 2 m minimum
WS10M,2014,SEP,2.45,9,30,m/s,Wind speed at 10 m
ALLSKY_SFC_SW_DWN,2014,OCT,16.51,10,31,MJ/m^2/day,All-sky surface shortwave downward irradiance
PRECTOTCORR,2014,OCT,8.95,10,31,mm/day,Corrected precipitation
RH2M,2014,OCT,87.89,10,31,%,Relative humidity at 2 m
T2M,2014,OCT,24.39,10,31,C,Temperature at 2 m
T2M_MAX,2014,OCT,29.22,10,31,C,Temperature at 2 m maximum
T2M_MIN,2014,OCT,19.88,10,31,C,Temperature at 2 m minimum
WS10M,2014,OCT,1.65,10,31,m/s,Wind speed at 10 m
ALLSKY_SFC_SW_DWN,2014,NOV,16.25,11,30,MJ/m^2/day,All-sky surface shortwave downward irradiance
PRECTOTCORR,2014,NOV,3.3,11,30,mm/day,Corrected precipitation
RH2M,2014,NOV,82.42,11,30,%,Relative humidity at 2 m
T2M,2014,NOV,23.9,11,30,C,Temperature at 2 m
T2M_MAX,2014,NOV,28.97,11,30,C,Temperature at 2 m maximum
T2M_MIN,2014,NOV,17.95,11,30,C,Temperature at 2 m minimum
WS10M,2014,NOV,1.82,11,30,m/s,Wind speed at 10 m
ALLSKY_SFC_SW_DWN,2014,DEC,16.03,12,31,MJ/m^2/day,All-sky surface shortwave downward irradiance
PRECTOTCORR,2014,DEC,0.71,12,31,mm/day,Corrected precipitation
RH2M,2014,DEC,78.15,12,31,%,Relative humidity at 2 m
T2M,2014,DEC,23.91,12,31,C,Temperature at 2 m
T2M_MAX,2014,DEC,30.01,12,31,C,Temperature at 2 m maximum
T2M_MIN,2014,DEC,16.97,12,31,C,Temperature at 2 m minimum
WS10M,2014,DEC,2.11,12,31,m/s,Wind speed at 10 m
ALLSKY_SFC_SW_DWN,2015,JAN,19.55,1,31,MJ/m^2/day,All-sky surface shortwave downward irradiance
PRECTOTCORR,2015,JAN,0.02,1,31,mm/day,Corrected precipitation
RH2M,2015,JAN,66.32,1,31,%,Relative humidity at 2 m
T2M,2015,JAN,24.54,1,31,C,Temperature at 2 m
T2M_MAX,2015,JAN,33.76,1,31,C,Temperature at 2 m maximum
T2M_MIN,2015,JAN,16.06,1,31,C,Temperature at 2 m minimum
WS10M,2015,JAN,2.0,1,31,m/s,Wind speed at 10 m
ALLSKY_SFC_SW_DWN,2015,FEB,22.09,2,28,MJ/m^2/day,All-sky surface shortwave downward irradiance
PRECTOTCORR,2015,FEB,0.02,2,28,mm/day,Corrected precipitation
RH2M,2015,FEB,55.11,2,28,%,Relative humidity at 2 m
T2M,2015,FEB,26.45,2,28,C,Temperature at 2 m
T2M_MAX,2015,FEB,35.15,2,28,C,Temperature at 2 m maximum
T2M_MIN,2015,FEB,18.58,2,28,C,Temperature at 2 m minimum
WS10M,2015,FEB,2.19,2,28,m/s,Wind speed at 10 m
ALLSKY_SFC_SW_DWN,2015,MAR,21.96,3,31,MJ/m^2/day,All-sky surface shortwave downward irradiance
PRECTOTCORR,2015,MAR,1.27,3,31,mm/day,Corrected precipitation
RH2M,2015,MAR,63.36,3,31,%,Relative humidity at 2 m
T2M,2015,MAR,27.76,3,31,C,Temperature at 2 m
T2M_MAX,2015,MAR,36.78,3,31,C,Temperature at 2 m maximum
T2M_MIN,2015,MAR,20.17,3,31,C,Temperature at 2 m minimum
WS10M,2015,MAR,1.71,3,31,m/s,Wind speed at 10 m
ALLSKY_SFC_SW_DWN,2015,APR,20.58,4,30,MJ/m^2/day,All-sky surface shortwave downward irradiance
PRECTOTCORR,2015,APR,3.72,4,30,mm/day,Corrected precipitation
RH2M,2015,APR,74.84,4,30,%,Relative humidity at 2 m
T2M,2015,APR,27.18,4,30,C,Temperature at 2 m
T2M_MAX,2015,APR,35.71,4,30,C,Temperature at 2 m maximum
T2M_MIN,2015,APR,22.0,4,30,C,Temperature at 2 m minimum
WS10M,2015,APR,1.6,4,30,m/s,Wind speed at 10 m
ALLSKY_SFC_SW_DWN,2015,MAY,17.78,5,31,MJ/m^2/day,All-sky surface shortwave downward irradiance
PRECTOTCORR,2015,MAY,5.46,5,31,mm/day,Corrected precipitation
RH2M,2015,MAY,82.34,5,31,%,Relative humidity at 2 m
T2M,2015,MAY,26.49,5,31,C,Temperature at 2 m
T2M_MAX,2015,MAY,33.45,5,31,C,Temperature at 2 m maximum
T2M_MIN,2015,MAY,22.47,5,31,C,Temperature at 2 m minimum
WS10M,2015,MAY,1.93,5,31,m/s,Wind speed at 10 m
ALLSKY_SFC_SW_DWN,2015,JUN,15.83,6,30,MJ/m^2/day,All-sky surface shortwave downward irradiance
PRECTOTCORR,2015,JUN,9.0,6,30,mm/day,Corrected precipitation
RH2M,2015,JUN,87.67,6,30,%,Relative humidity at 2 m
T2M,2015,JUN,25.19,6,30,C,Temperature at 2 m
T2M_MAX,2015,JUN,30.7,6,30,C,Temperature at 2 m maximum
T2M_MIN,2015,JUN,21.74,6,30,C,Temperature at 2 m minimum
WS10M,2015,JUN,2.95,6,30,m/s,Wind speed at 10 m
ALLSKY_SFC_SW_DWN,2015,JUL,16.67,7,31,MJ/m^2/day,All-sky surface shortwave downward irradiance
PRECTOTCORR,2015,JUL,5.45,7,31,mm/day,Corrected precipitation
RH2M,2015,JUL,89.48,7,31,%,Relative humidity at 2 m
T2M,2015,JUL,24.57,7,31,C,Temperature at 2 m
T2M_MAX,2015,JUL,28.44,7,31,C,Temperature at 2 m maximum
T2M_MIN,2015,JUL,20.81,7,31,C,Temperature at 2 m minimum
WS10M,2015,JUL,2.98,7,31,m/s,Wind speed at 10 m
ALLSKY_SFC_SW_DWN,2015,AUG,17.99,8,31,MJ/m^2/day,All-sky surface shortwave downward irradiance
PRECTOTCORR,2015,AUG,4.42,8,31,mm/day,Corrected precipitation
RH2M,2015,AUG,89.45,8,31,%,Relative humidity at 2 m
T2M,2015,AUG,24.59,8,31,C,Temperature at 2 m
T2M_MAX,2015,AUG,29.51,8,31,C,Temperature at 2 m maximum
T2M_MIN,2015,AUG,21.18,8,31,C,Temperature at 2 m minimum
WS10M,2015,AUG,2.58,8,31,m/s,Wind speed at 10 m
ALLSKY_SFC_SW_DWN,2015,SEP,19.47,9,30,MJ/m^2/day,All-sky surface shortwave downward irradiance
PRECTOTCORR,2015,SEP,5.38,9,30,mm/day,Corrected precipitation
RH2M,2015,SEP,87.01,9,30,%,Relative humidity at 2 m
T2M,2015,SEP,24.89,9,30,C,Temperature at 2 m
T2M_MAX,2015,SEP,30.43,9,30,C,Temperature at 2 m maximum
T2M_MIN,2015,SEP,21.26,9,30,C,Temperature at 2 m minimum
WS10M,2015,SEP,2.25,9,30,m/s,Wind speed at 10 m
ALLSKY_SFC_SW_DWN,2015,OCT,17.65,10,31,MJ/m^2/day,All-sky surface shortwave downward irradiance
PRECTOTCORR,2015,OCT,4.78,10,31,mm/day,Corrected precipitation
RH2M,2015,OCT,83.97,10,31,%,Relative humidity at 2 m
T2M,2015,OCT,25.21,10,31,C,Temperature at 2 m
T2M_MAX,2015,OCT,30.91,10,31,C,Temperature at 2 m maximum
T2M_MIN,2015,OCT,20.82,10,31,C,Temperature at 2 m minimum
WS10M,2015,OCT,1.59,10,31,m/s,Wind speed at 10 m
ALLSKY_SFC_SW_DWN,2015,NOV,15.49,11,30,MJ/m^2/day,All-sky surface shortwave downward irradiance
PRECTOTCORR,2015,NOV,6.32,11,30,mm/day,Corrected precipitation
RH2M,2015,NOV,85.39,11,30,%,Relative humidity at 2 m
T2M,2015,NOV,24.26,11,30,C,Temperature at 2 m
T2M_MAX,2015,NOV,29.21,11,30,C,Temperature at 2 m maximum
T2M_MIN,2015,NOV,17.92,11,30,C,Temperature at 2 m minimum
WS10M,2015,NOV,1.79,11,30,m/s,Wind speed at 10 m
ALLSKY_SFC_SW_DWN,2015,DEC,16.85,12,31,MJ/m^2/day,All-sky surface shortwave downward irradiance
PRECTOTCORR,2015,DEC,1.12,12,31,mm/day,Corrected precipitation
RH2M,2015,DEC,77.99,12,31,%,Relative humidity at 2 m
T2M,2015,DEC,24.42,12,31,C,Temperature at 2 m
T2M_MAX,2015,DEC,32.16,12,31,C,Temperature at 2 m maximum
T2M_MIN,2015,DEC,17.46,12,31,C,Temperature at 2 m minimum
WS10M,2015,DEC,2.19,12,31,m/s,Wind speed at 10 m
ALLSKY_SFC_SW_DWN,2016,JAN,19.01,1,31,MJ/m^2/day,All-sky surface shortwave downward irradiance
PRECTOTCORR,2016,JAN,0.16,1,31,mm/day,Corrected precipitation
RH2M,2016,JAN,65.05,1,31,%,Relative humidity at 2 m
T2M,2016,JAN,24.98,1,31,C,Temperature at 2 m
T2M_MAX,2016,JAN,34.67,1,31,C,Temperature at 2 m maximum
T2M_MIN,2016,JAN,16.45,1,31,C,Temperature at 2 m minimum
WS10M,2016,JAN,2.09,1,31,m/s,Wind speed at 10 m
ALLSKY_SFC_SW_DWN,2016,FEB,20.81,2,29,MJ/m^2/day,All-sky surface shortwave downward irradiance
PRECTOTCORR,2016,FEB,0.33,2,29,mm/day,Corrected precipitation
RH2M,2016,FEB,58.65,2,29,%,Relative humidity at 2 m
T2M,2016,FEB,27.54,2,29,C,Temperature at 2 m
T2M_MAX,2016,FEB,37.61,2,29,C,Temperature at 2 m maximum
T2M_MIN,2016,FEB,17.47,2,29,C,Temperature at 2 m minimum
WS10M,2016,FEB,1.96,2,29,m/s,Wind speed at 10 m
ALLSKY_SFC_SW_DWN,2016,MAR,22.35,3,31,MJ/m^2/day,All-sky surface shortwave downward irradiance
PRECTOTCORR,2016,MAR,0.28,3,31,mm/day,Corrected precipitation
RH2M,2016,MAR,60.48,3,31,%,Relative humidity at 2 m
T2M,2016,MAR,29.19,3,31,C,Temperature at 2 m
T2M_MAX,2016,MAR,38.31,3,31,C,Temperature at 2 m maximum
T2M_MIN,2016,MAR,22.39,3,31,C,Temperature at 2 m minimum
WS10M,2016,MAR,1.91,3,31,m/s,Wind speed at 10 m
ALLSKY_SFC_SW_DWN,2016,APR,21.62,4,30,MJ/m^2/day,All-sky surface shortwave downward irradiance
PRECTOTCORR,2016,APR,0.86,4,30,mm/day,Corrected precipitation
RH2M,2016,APR,66.96,4,30,%,Relative humidity at 2 m
T2M,2016,APR,29.54,4,30,C,Temperature at 2 m
T2M_MAX,2016,APR,38.46,4,30,C,Temperature at 2 m maximum
T2M_MIN,2016,APR,24.31,4,30,C,Temperature at 2 m minimum
WS10M,2016,APR,2.28,4,30,m/s,Wind speed at 10 m
ALLSKY_SFC_SW_DWN,2016,MAY,19.03,5,31,MJ/m^2/day,All-sky surface shortwave downward irradiance
PRECTOTCORR,2016,MAY,4.45,5,31,mm/day,Corrected precipitation
RH2M,2016,MAY,79.0,5,31,%,Relative humidity at 2 m
T2M,2016,MAY,27.62,5,31,C,Temperature at 2 m
T2M_MAX,2016,MAY,37.09,5,31,C,Temperature at 2 m maximum
T2M_MIN,2016,MAY,23.86,5,31,C,Temperature at 2 m minimum
WS10M,2016,MAY,2.45,5,31,m/s,Wind speed at 10 m
ALLSKY_SFC_SW_DWN,2016,JUN,13.8,6,30,MJ/m^2/day,All-sky surface shortwave downward irradiance
PRECTOTCORR,2016,JUN,11.61,6,30,mm/day,Corrected precipitation
RH2M,2016,JUN,88.77,6,30,%,Relative humidity at 2 m
T2M,2016,JUN,24.88,6,30,C,Temperature at 2 m
T2M_MAX,2016,JUN,29.2,6,30,C,Temperature at 2 m maximum
T2M_MIN,2016,JUN,20.98,6,30,C,Temperature at 2 m minimum
WS10M,2016,JUN,3.19,6,30,m/s,Wind speed at 10 m
ALLSKY_SFC_SW_DWN,2016,JUL,15.49,7,31,MJ/m^2/day,All-sky surface shortwave downward irradiance
PRECTOTCORR,2016,JUL,10.78,7,31,mm/day,Corrected precipitation
RH2M,2016,JUL,91.37,7,31,%,Relative humidity at 2 m
T2M,2016,JUL,24.07,7,31,C,Temperature at 2 m
T2M_MAX,2016,JUL,27.46,7,31,C,Temperature at 2 m maximum
T2M_MIN,2016,JUL,20.75,7,31,C,Temperature at 2 m minimum
WS10M,2016,JUL,3.06,7,31,m/s,Wind speed at 10 m
ALLSKY_SFC_SW_DWN,2016,AUG,17.28,8,31,MJ/m^2/day,All-sky surface shortwave downward irradiance
PRECTOTCORR,2016,AUG,4.23,8,31,mm/day,Corrected precipitation
RH2M,2016,AUG,90.19,8,31,%,Relative humidity at 2 m
T2M,2016,AUG,24.13,8,31,C,Temperature at 2 m
T2M_MAX,2016,AUG,28.46,8,31,C,Temperature at 2 m maximum
T2M_MIN,2016,AUG,20.9,8,31,C,Temperature at 2 m minimum
WS10M,2016,AUG,3.15,8,31,m/s,Wind speed at 10 m
ALLSKY_SFC_SW_DWN,2016,SEP,18.12,9,30,MJ/m^2/day,All-sky surface shortwave downward irradiance
PRECTOTCORR,2016,SEP,1.53,9,30,mm/day,Corrected precipitation
RH2M,2016,SEP,88.54,9,30,%,Relative humidity at 2 m
T2M,2016,SEP,23.9,9,30,C,Temperature at 2 m
T2M_MAX,2016,SEP,28.67,9,30,C,Temperature at 2 m maximum
T2M_MIN,2016,SEP,19.9,9,30,C,Temperature at 2 m minimum
WS10M,2016,SEP,2.74,9,30,m/s,Wind speed at 10 m
ALLSKY_SFC_SW_DWN,2016,OCT,17.62,10,31,MJ/m^2/day,All-sky surface shortwave downward irradiance
PRECTOTCORR,2016,OCT,1.82,10,31,mm/day,Corrected precipitation
RH2M,2016,OCT,80.85,10,31,%,Relative humidity at 2 m
T2M,2016,OCT,25.03,10,31,C,Temperature at 2 m
T2M_MAX,2016,OCT,31.8,10,31,C,Temperature at 2 m maximum
T2M_MIN,2016,OCT,20.28,10,31,C,Temperature at 2 m minimum
WS10M,2016,OCT,2.11,10,31,m/s,Wind speed at 10 m
ALLSKY_SFC_SW_DWN,2016,NOV,17.61,11,30,MJ/m^2/day,All-sky surface shortwave downward irradiance
PRECTOTCORR,2016,NOV,2.11,11,30,mm/day,Corrected precipitation
RH2M,2016,NOV,72.81,11,30,%,Relative humidity at 2 m
T2M,2016,NOV,25.15,11,30,C,Temperature at 2 m
T2M_MAX,2016,NOV,33.33,11,30,C,Temperature at 2 m maximum
T2M_MIN,2016,NOV,18.32,11,30,C,Temperature at 2 m minimum
WS10M,2016,NOV,1.69,11,30,m/s,Wind speed at 10 m
ALLSKY_SFC_SW_DWN,2016,DEC,17.14,12,31,MJ/m^2/day,All-sky surface shortwave downward irradiance
PRECTOTCORR,2016,DEC,1.78,12,31,mm/day,Corrected precipitation
RH2M,2016,DEC,68.68,12,31,%,Relative humidity at 2 m
T2M,2016,DEC,25.04,12,31,C,Temperature at 2 m
T2M_MAX,2016,DEC,33.81,12,31,C,Temperature at 2 m maximum
T2M_MIN,2016,DEC,17.86,12,31,C,Temperature at 2 m minimum
WS10M,2016,DEC,1.9,12,31,m/s,Wind speed at 10 m
ALLSKY_SFC_SW_DWN,2017,JAN,18.73,1,31,MJ/m^2/day,All-sky surface shortwave downward irradiance
PRECTOTCORR,2017,JAN,0.62,1,31,mm/day,Corrected precipitation
RH2M,2017,JAN,60.77,1,31,%,Relative humidity at 2 m
T2M,2017,JAN,25.26,1,31,C,Temperature at 2 m
T2M_MAX,2017,JAN,34.41,1,31,C,Temperature at 2 m maximum
T2M_MIN,2017,JAN,17.2,1,31,C,Temperature at 2 m minimum
WS10M,2017,JAN,2.18,1,31,m/s,Wind speed at 10 m
ALLSKY_SFC_SW_DWN,2017,FEB,22.97,2,28,MJ/m^2/day,All-sky surface shortwave downward irradiance
PRECTOTCORR,2017,FEB,0.01,2,28,mm/day,Corrected precipitation
RH2M,2017,FEB,52.38,2,28,%,Relative humidity at 2 m
T2M,2017,FEB,26.53,2,28,C,Temperature at 2 m
T2M_MAX,2017,FEB,37.21,2,28,C,Temperature at 2 m maximum
T2M_MIN,2017,FEB,17.82,2,28,C,Temperature at 2 m minimum
WS10M,2017,FEB,2.22,2,28,m/s,Wind speed at 10 m
ALLSKY_SFC_SW_DWN,2017,MAR,21.74,3,31,MJ/m^2/day,All-sky surface shortwave downward irradiance
PRECTOTCORR,2017,MAR,2.17,3,31,mm/day,Corrected precipitation
RH2M,2017,MAR,66.48,3,31,%,Relative humidity at 2 m
T2M,2017,MAR,27.27,3,31,C,Temperature at 2 m
T2M_MAX,2017,MAR,37.23,3,31,C,Temperature at 2 m maximum
T2M_MIN,2017,MAR,20.33,3,31,C,Temperature at 2 m minimum
WS10M,2017,MAR,1.79,3,31,m/s,Wind speed at 10 m
ALLSKY_SFC_SW_DWN,2017,APR,22.13,4,30,MJ/m^2/day,All-sky surface shortwave downward irradiance
PRECTOTCORR,2017,APR,1.54,4,30,mm/day,Corrected precipitation
RH2M,2017,APR,71.31,4,30,%,Relative humidity at 2 m
T2M,2017,APR,28.25,4,30,C,Temperature at 2 m
T2M_MAX,2017,APR,36.87,4,30,C,Temperature at 2 m maximum
T2M_MIN,2017,APR,23.25,4,30,C,Temperature at 2 m minimum
WS10M,2017,APR,2.27,4,30,m/s,Wind speed at 10 m
ALLSKY_SFC_SW_DWN,2017,MAY,19.21,5,31,MJ/m^2/day,All-sky surface shortwave downward irradiance
PRECTOTCORR,2017,MAY,6.42,5,31,mm/day,Corrected precipitation
RH2M,2017,MAY,81.52,5,31,%,Relative humidity at 2 m
T2M,2017,MAY,26.9,5,31,C,Temperature at 2 m
T2M_MAX,2017,MAY,35.46,5,31,C,Temperature at 2 m maximum
T2M_MIN,2017,MAY,21.61,5,31,C,Temperature at 2 m minimum
WS10M,2017,MAY,2.26,5,31,m/s,Wind speed at 10 m
ALLSKY_SFC_SW_DWN,2017,JUN,15.01,6,30,MJ/m^2/day,All-sky surface shortwave downward irradiance
PRECTOTCORR,2017,JUN,10.23,6,30,mm/day,Corrected precipitation
RH2M,2017,JUN,88.49,6,30,%,Relative humidity at 2 m
T2M,2017,JUN,25.06,6,30,C,Temperature at 2 m
T2M_MAX,2017,JUN,29.2,6,30,C,Temperature at 2 m maximum
T2M_MIN,2017,JUN,21.47,6,30,C,Temperature at 2 m minimum
WS10M,2017,JUN,2.95,6,30,m/s,Wind speed at 10 m
ALLSKY_SFC_SW_DWN,2017,JUL,16.55,7,31,MJ/m^2/day,All-sky surface shortwave downward irradiance
PRECTOTCORR,2017,JUL,7.2,7,31,mm/day,Corrected precipitation
RH2M,2017,JUL,90.68,7,31,%,Relative humidity at 2 m
T2M,2017,JUL,24.33,7,31,C,Temperature at 2 m
T2M_MAX,2017,JUL,28.37,7,31,C,Temperature at 2 m maximum
T2M_MIN,2017,JUL,21.09,7,31,C,Temperature at 2 m minimum
WS10M,2017,JUL,2.79,7,31,m/s,Wind speed at 10 m
ALLSKY_SFC_SW_DWN,2017,AUG,15.56,8,31,MJ/m^2/day,All-sky surface shortwave downward irradiance
PRECTOTCORR,2017,AUG,9.32,8,31,mm/day,Corrected precipitation
RH2M,2017,AUG,91.53,8,31,%,Relative humidity at 2 m
T2M,2017,AUG,24.19,8,31,C,Temperature at 2 m
T2M_MAX,2017,AUG,28.98,8,31,C,Temperature at 2 m maximum
T2M_MIN,2017,AUG,21.12,8,31,C,Temperature at 2 m minimum
WS10M,2017,AUG,2.65,8,31,m/s,Wind speed at 10 m
ALLSKY_SFC_SW_DWN,2017,SEP,17.65,9,30,MJ/m^2/day,All-sky surface shortwave downward irradiance
PRECTOTCORR,2017,SEP,12.03,9,30,mm/day,Corrected precipitation
RH2M,2017,SEP,90.83,9,30,%,Relative humidity at 2 m
T2M,2017,SEP,24.52,9,30,C,Temperature at 2 m
T2M_MAX,2017,SEP,29.66,9,30,C,Temperature at 2 m maximum
T2M_MIN,2017,SEP,21.23,9,30,C,Temperature at 2 m minimum
WS10M,2017,SEP,2.37,9,30,m/s,Wind speed at 10 m
ALLSKY_SFC_SW_DWN,2017,OCT,17.09,10,31,MJ/m^2/day,All-sky surface shortwave downward irradiance
PRECTOTCORR,2017,OCT,4.96,10,31,mm/day,Corrected precipitation
RH2M,2017,OCT,88.26,10,31,%,Relative humidity at 2 m
T2M,2017,OCT,24.55,10,31,C,Temperature at 2 m
T2M_MAX,2017,OCT,28.94,10,31,C,Temperature at 2 m maximum
T2M_MIN,2017,OCT,20.28,10,31,C,Temperature at 2 m minimum
WS10M,2017,OCT,1.69,10,31,m/s,Wind speed at 10 m
ALLSKY_SFC_SW_DWN,2017,NOV,16.48,11,30,MJ/m^2/day,All-sky surface shortwave downward irradiance
PRECTOTCORR,2017,NOV,2.87,11,30,mm/day,Corrected precipitation
RH2M,2017,NOV,83.52,11,30,%,Relative humidity at 2 m
T2M,2017,NOV,24.55,11,30,C,Temperature at 2 m
T2M_MAX,2017,NOV,29.2,11,30,C,Temperature at 2 m maximum
T2M_MIN,2017,NOV,19.88,11,30,C,Temperature at 2 m minimum
WS10M,2017,NOV,1.56,11,30,m/s,Wind speed at 10 m
ALLSKY_SFC_SW_DWN,2017,DEC,17.95,12,31,MJ/m^2/day,All-sky surface shortwave downward irradiance
PRECTOTCORR,2017,DEC,1.65,12,31,mm/day,Corrected precipitation
RH2M,2017,DEC,77.61,12,31,%,Relative humidity at 2 m
T2M,2017,DEC,23.55,12,31,C,Temperature at 2 m
T2M_MAX,2017,DEC,30.34,12,31,C,Temperature at 2 m maximum
T2M_MIN,2017,DEC,16.45,12,31,C,Temperature at 2 m minimum
WS10M,2017,DEC,2.18,12,31,m/s,Wind speed at 10 m
ALLSKY_SFC_SW_DWN,2018,JAN,18.96,1,31,MJ/m^2/day,All-sky surface shortwave downward irradiance
PRECTOTCORR,2018,JAN,0.06,1,31,mm/day,Corrected precipitation
RH2M,2018,JAN,65.57,1,31,%,Relative humidity at 2 m
T2M,2018,JAN,24.77,1,31,C,Temperature at 2 m
T2M_MAX,2018,JAN,34.12,1,31,C,Temperature at 2 m maximum
T2M_MIN,2018,JAN,17.5,1,31,C,Temperature at 2 m minimum
WS10M,2018,JAN,1.86,1,31,m/s,Wind speed at 10 m
ALLSKY_SFC_SW_DWN,2018,FEB,22.69,2,28,MJ/m^2/day,All-sky surface shortwave downward irradiance
PRECTOTCORR,2018,FEB,0.38,2,28,mm/day,Corrected precipitation
RH2M,2018,FEB,55.69,2,28,%,Relative humidity at 2 m
T2M,2018,FEB,26.26,2,28,C,Temperature at 2 m
T2M_MAX,2018,FEB,36.3,2,28,C,Temperature at 2 m maximum
T2M_MIN,2018,FEB,17.15,2,28,C,Temperature at 2 m minimum
WS10M,2018,FEB,2.04,2,28,m/s,Wind speed at 10 m
ALLSKY_SFC_SW_DWN,2018,MAR,22.1,3,31,MJ/m^2/day,All-sky surface shortwave downward irradiance
PRECTOTCORR,2018,MAR,1.19,3,31,mm/day,Corrected precipitation
RH2M,2018,MAR,59.64,3,31,%,Relative humidity at 2 m
T2M,2018,MAR,28.07,3,31,C,Temperature at 2 m
T2M_MAX,2018,MAR,37.59,3,31,C,Temperature at 2 m maximum
T2M_MIN,2018,MAR,19.61,3,31,C,Temperature at 2 m minimum
WS10M,2018,MAR,1.94,3,31,m/s,Wind speed at 10 m
ALLSKY_SFC_SW_DWN,2018,APR,21.74,4,30,MJ/m^2/day,All-sky surface shortwave downward irradiance
PRECTOTCORR,2018,APR,2.52,4,30,mm/day,Corrected precipitation
RH2M,2018,APR,73.27,4,30,%,Relative humidity at 2 m
T2M,2018,APR,28.06,4,30,C,Temperature at 2 m
T2M_MAX,2018,APR,36.97,4,30,C,Temperature at 2 m maximum
T2M_MIN,2018,APR,23.5,4,30,C,Temperature at 2 m minimum
WS10M,2018,APR,1.6,4,30,m/s,Wind speed at 10 m
ALLSKY_SFC_SW_DWN,2018,MAY,18.36,5,31,MJ/m^2/day,All-sky surface shortwave downward irradiance
PRECTOTCORR,2018,MAY,8.58,5,31,mm/day,Corrected precipitation
RH2M,2018,MAY,85.15,5,31,%,Relative humidity at 2 m
T2M,2018,MAY,26.13,5,31,C,Temperature at 2 m
T2M_MAX,2018,MAY,32.68,5,31,C,Temperature at 2 m maximum
T2M_MIN,2018,MAY,22.04,5,31,C,Temperature at 2 m minimum
WS10M,2018,MAY,2.13,5,31,m/s,Wind speed at 10 m
ALLSKY_SFC_SW_DWN,2018,JUN,14.07,6,30,MJ/m^2/day,All-sky surface shortwave downward irradiance
PRECTOTCORR,2018,JUN,13.17,6,30,mm/day,Corrected precipitation
RH2M,2018,JUN,89.77,6,30,%,Relative humidity at 2 m
T2M,2018,JUN,24.72,6,30,C,Temperature at 2 m
T2M_MAX,2018,JUN,28.8,6,30,C,Temperature at 2 m maximum
T2M_MIN,2018,JUN,20.99,6,30,C,Temperature at 2 m minimum
WS10M,2018,JUN,3.11,6,30,m/s,Wind speed at 10 m
ALLSKY_SFC_SW_DWN,2018,JUL,13.88,7,31,MJ/m^2/day,All-sky surface shortwave downward irradiance
PRECTOTCORR,2018,JUL,15.95,7,31,mm/day,Corrected precipitation
RH2M,2018,JUL,91.95,7,31,%,Relative humidity at 2 m
T2M,2018,JUL,24.13,7,31,C,Temperature at 2 m
T2M_MAX,2018,JUL,28.11,7,31,C,Temperature at 2 m maximum
T2M_MIN,2018,JUL,20.71,7,31,C,Temperature at 2 m minimum
WS10M,2018,JUL,3.57,7,31,m/s,Wind speed at 10 m
ALLSKY_SFC_SW_DWN,2018,AUG,14.44,8,31,MJ/m^2/day,All-sky surface shortwave downward irradiance
PRECTOTCORR,2018,AUG,15.33,8,31,mm/day,Corrected precipitation
RH2M,2018,AUG,92.18,8,31,%,Relative humidity at 2 m
T2M,2018,AUG,23.58,8,31,C,Temperature at 2 m
T2M_MAX,2018,AUG,27.72,8,31,C,Temperature at 2 m maximum
T2M_MIN,2018,AUG,20.59,8,31,C,Temperature at 2 m minimum
WS10M,2018,AUG,3.37,8,31,m/s,Wind speed at 10 m
ALLSKY_SFC_SW_DWN,2018,SEP,21.52,9,30,MJ/m^2/day,All-sky surface shortwave downward irradiance
PRECTOTCORR,2018,SEP,3.85,9,30,mm/day,Corrected precipitation
RH2M,2018,SEP,87.47,9,30,%,Relative humidity at 2 m
T2M,2018,SEP,24.27,9,30,C,Temperature at 2 m
T2M_MAX,2018,SEP,29.99,9,30,C,Temperature at 2 m maximum
T2M_MIN,2018,SEP,20.05,9,30,C,Temperature at 2 m minimum
WS10M,2018,SEP,2.13,9,30,m/s,Wind speed at 10 m
ALLSKY_SFC_SW_DWN,2018,OCT,18.02,10,31,MJ/m^2/day,All-sky surface shortwave downward irradiance
PRECTOTCORR,2018,OCT,7.44,10,31,mm/day,Corrected precipitation
RH2M,2018,OCT,85.16,10,31,%,Relative humidity at 2 m
T2M,2018,OCT,24.71,10,31,C,Temperature at 2 m
T2M_MAX,2018,OCT,29.72,10,31,C,Temperature at 2 m maximum
T2M_MIN,2018,OCT,19.9,10,31,C,Temperature at 2 m minimum
WS10M,2018,OCT,1.61,10,31,m/s,Wind speed at 10 m
ALLSKY_SFC_SW_DWN,2018,NOV,17.02,11,30,MJ/m^2/day,All-sky surface shortwave downward irradiance
PRECTOTCORR,2018,NOV,3.26,11,30,mm/day,Corrected precipitation
RH2M,2018,NOV,82.49,11,30,%,Relative humidity at 2 m
T2M,2018,NOV,24.56,11,30,C,Temperature at 2 m
T2M_MAX,2018,NOV,29.5,11,30,C,Temperature at 2 m maximum
T2M_MIN,2018,NOV,17.72,11,30,C,Temperature at 2 m minimum
WS10M,2018,NOV,1.65,11,30,m/s,Wind speed at 10 m
ALLSKY_SFC_SW_DWN,2018,DEC,16.68,12,31,MJ/m^2/day,All-sky surface shortwave downward irradiance
PRECTOTCORR,2018,DEC,0.48,12,31,mm/day,Corrected precipitation
RH2M,2018,DEC,74.35,12,31,%,Relative humidity at 2 m
T2M,2018,DEC,24.98,12,31,C,Temperature at 2 m
T2M_MAX,2018,DEC,32.31,12,31,C,Temperature at 2 m maximum
T2M_MIN,2018,DEC,18.81,12,31,C,Temperature at 2 m minimum
WS10M,2018,DEC,1.84,12,31,m/s,Wind speed at 10 m
ALLSKY_SFC_SW_DWN,2019,JAN,19.85,1,31,MJ/m^2/day,All-sky surface shortwave downward irradiance
PRECTOTCORR,2019,JAN,0.0,1,31,mm/day,Corrected precipitation
RH2M,2019,JAN,58.36,1,31,%,Relative humidity at 2 m
T2M,2019,JAN,24.53,1,31,C,Temperature at 2 m
T2M_MAX,2019,JAN,33.76,1,31,C,Temperature at 2 m maximum
T2M_MIN,2019,JAN,15.88,1,31,C,Temperature at 2 m minimum
WS10M,2019,JAN,2.2,1,31,m/s,Wind speed at 10 m
ALLSKY_SFC_SW_DWN,2019,FEB,21.58,2,28,MJ/m^2/day,All-sky surface shortwave downward irradiance
PRECTOTCORR,2019,FEB,0.32,2,28,mm/day,Corrected precipitation
RH2M,2019,FEB,56.59,2,28,%,Relative humidity at 2 m
T2M,2019,FEB,27.62,2,28,C,Temperature at 2 m
T2M_MAX,2019,FEB,37.52,2,28,C,Temperature at 2 m maximum
T2M_MIN,2019,FEB,19.35,2,28,C,Temperature at 2 m minimum
WS10M,2019,FEB,2.12,2,28,m/s,Wind speed at 10 m
ALLSKY_SFC_SW_DWN,2019,MAR,23.55,3,31,MJ/m^2/day,All-sky surface shortwave downward irradiance
PRECTOTCORR,2019,MAR,0.48,3,31,mm/day,Corrected precipitation
RH2M,2019,MAR,58.12,3,31,%,Relative humidity at 2 m
T2M,2019,MAR,29.0,3,31,C,Temperature at 2 m
T2M_MAX,2019,MAR,39.11,3,31,C,Temperature at 2 m maximum
T2M_MIN,2019,MAR,21.19,3,31,C,Temperature at 2 m minimum
WS10M,2019,MAR,1.82,3,31,m/s,Wind speed at 10 m
ALLSKY_SFC_SW_DWN,2019,APR,22.67,4,30,MJ/m^2/day,All-sky surface shortwave downward irradiance
PRECTOTCORR,2019,APR,3.01,4,30,mm/day,Corrected precipitation
RH2M,2019,APR,66.71,4,30,%,Relative humidity at 2 m
T2M,2019,APR,29.35,4,30,C,Temperature at 2 m
T2M_MAX,2019,APR,39.17,4,30,C,Temperature at 2 m maximum
T2M_MIN,2019,APR,23.69,4,30,C,Temperature at 2 m minimum
WS10M,2019,APR,1.97,4,30,m/s,Wind speed at 10 m
ALLSKY_SFC_SW_DWN,2019,MAY,20.65,5,31,MJ/m^2/day,All-sky surface shortwave downward irradiance
PRECTOTCORR,2019,MAY,2.33,5,31,mm/day,Corrected precipitation
RH2M,2019,MAY,76.18,5,31,%,Relative humidity at 2 m
T2M,2019,MAY,27.78,5,31,C,Temperature at 2 m
T2M_MAX,2019,MAY,36.12,5,31,C,Temperature at 2 m maximum
T2M_MIN,2019,MAY,22.87,5,31,C,Temperature at 2 m minimum
WS10M,2019,MAY,2.46,5,31,m/s,Wind speed at 10 m
ALLSKY_SFC_SW_DWN,2019,JUN,17.21,6,30,MJ/m^2/day,All-sky surface shortwave downward irradiance
PRECTOTCORR,2019,JUN,6.39,6,30,mm/day,Corrected precipitation
RH2M,2019,JUN,84.9,6,30,%,Relative humidity at 2 m
T2M,2019,JUN,26.16,6,30,C,Temperature at 2 m
T2M_MAX,2019,JUN,33.45,6,30,C,Temperature at 2 m maximum
T2M_MIN,2019,JUN,22.38,6,30,C,Temperature at 2 m minimum
WS10M,2019,JUN,2.95,6,30,m/s,Wind speed at 10 m
ALLSKY_SFC_SW_DWN,2019,JUL,15.85,7,31,MJ/m^2/day,All-sky surface shortwave downward irradiance
PRECTOTCORR,2019,JUL,10.23,7,31,mm/day,Corrected precipitation
RH2M,2019,JUL,89.02,7,31,%,Relative humidity at 2 m
T2M,2019,JUL,24.65,7,31,C,Temperature at 2 m
T2M_MAX,2019,JUL,29.24,7,31,C,Temperature at 2 m maximum
T2M_MIN,2019,JUL,21.48,7,31,C,Temperature at 2 m minimum
WS10M,2019,JUL,3.06,7,31,m/s,Wind speed at 10 m
ALLSKY_SFC_SW_DWN,2019,AUG,13.45,8,31,MJ/m^2/day,All-sky surface shortwave downward irradiance
PRECTOTCORR,2019,AUG,18.77,8,31,mm/day,Corrected precipitation
RH2M,2019,AUG,91.86,8,31,%,Relative humidity at 2 m
T2M,2019,AUG,23.98,8,31,C,Temperature at 2 m
T2M_MAX,2019,AUG,27.84,8,31,C,Temperature at 2 m maximum
T2M_MIN,2019,AUG,21.41,8,31,C,Temperature at 2 m minimum
WS10M,2019,AUG,3.05,8,31,m/s,Wind speed at 10 m
ALLSKY_SFC_SW_DWN,2019,SEP,16.73,9,30,MJ/m^2/day,All-sky surface shortwave downward irradiance
PRECTOTCORR,2019,SEP,10.21,9,30,mm/day,Corrected precipitation
RH2M,2019,SEP,90.24,9,30,%,Relative humidity at 2 m
T2M,2019,SEP,24.47,9,30,C,Temperature at 2 m
T2M_MAX,2019,SEP,29.39,9,30,C,Temperature at 2 m maximum
T2M_MIN,2019,SEP,21.2,9,30,C,Temperature at 2 m minimum
WS10M,2019,SEP,2.23,9,30,m/s,Wind speed at 10 m
ALLSKY_SFC_SW_DWN,2019,OCT,17.18,10,31,MJ/m^2/day,All-sky surface shortwave downward irradiance
PRECTOTCORR,2019,OCT,12.53,10,31,mm/day,Corrected precipitation
RH2M,2019,OCT,88.79,10,31,%,Relative humidity at 2 m
T2M,2019,OCT,24.52,10,31,C,Temperature at 2 m
T2M_MAX,2019,OCT,29.48,10,31,C,Temperature at 2 m maximum
T2M_MIN,2019,OCT,21.05,10,31,C,Temperature at 2 m minimum
WS10M,2019,OCT,1.71,10,31,m/s,Wind speed at 10 m
ALLSKY_SFC_SW_DWN,2019,NOV,17.59,11,30,MJ/m^2/day,All-sky surface shortwave downward irradiance
PRECTOTCORR,2019,NOV,3.75,11,30,mm/day,Corrected precipitation
RH2M,2019,NOV,86.57,11,30,%,Relative humidity at 2 m
T2M,2019,NOV,24.8,11,30,C,Temperature at 2 m
T2M_MAX,2019,NOV,29.68,11,30,C,Temperature at 2 m maximum
T2M_MIN,2019,NOV,20.2,11,30,C,Temperature at 2 m minimum
WS10M,2019,NOV,1.86,11,30,m/s,Wind speed at 10 m
ALLSKY_SFC_SW_DWN,2019,DEC,16.86,12,31,MJ/m^2/day,All-sky surface shortwave downward irradiance
PRECTOTCORR,2019,DEC,2.02,12,31,mm/day,Corrected precipitation
RH2M,2019,DEC,82.74,12,31,%,Relative humidity at 2 m
T2M,2019,DEC,24.11,12,31,C,Temperature at 2 m
T2M_MAX,2019,DEC,29.75,12,31,C,Temperature at 2 m maximum
T2M_MIN,2019,DEC,19.3,12,31,C,Temperature at 2 m minimum
WS10M,2019,DEC,2.43,12,31,m/s,Wind speed at 10 m
ALLSKY_SFC_SW_DWN,2020,JAN,20.49,1,31,MJ/m^2/day,All-sky surface shortwave downward irradiance
PRECTOTCORR,2020,JAN,0.2,1,31,mm/day,Corrected precipitation
RH2M,2020,JAN,70.37,1,31,%,Relative humidity at 2 m
T2M,2020,JAN,25.32,1,31,C,Temperature at 2 m
T2M_MAX,2020,JAN,34.24,1,31,C,Temperature at 2 m maximum
T2M_MIN,2020,JAN,17.59,1,31,C,Temperature at 2 m minimum
WS10M,2020,JAN,2.02,1,31,m/s,Wind speed at 10 m
ALLSKY_SFC_SW_DWN,2020,FEB,21.87,2,29,MJ/m^2/day,All-sky surface shortwave downward irradiance
PRECTOTCORR,2020,FEB,0.25,2,29,mm/day,Corrected precipitation
RH2M,2020,FEB,58.87,2,29,%,Relative humidity at 2 m
T2M,2020,FEB,27.12,2,29,C,Temperature at 2 m
T2M_MAX,2020,FEB,36.07,2,29,C,Temperature at 2 m maximum
T2M_MIN,2020,FEB,19.03,2,29,C,Temperature at 2 m minimum
WS10M,2020,FEB,2.04,2,29,m/s,Wind speed at 10 m
ALLSKY_SFC_SW_DWN,2020,MAR,22.55,3,31,MJ/m^2/day,All-sky surface shortwave downward irradiance
PRECTOTCORR,2020,MAR,0.78,3,31,mm/day,Corrected precipitation
RH2M,2020,MAR,62.27,3,31,%,Relative humidity at 2 m
T2M,2020,MAR,28.67,3,31,C,Temperature at 2 m
T2M_MAX,2020,MAR,38.54,3,31,C,Temperature at 2 m maximum
T2M_MIN,2020,MAR,22.4,3,31,C,Temperature at 2 m minimum
WS10M,2020,MAR,1.81,3,31,m/s,Wind speed at 10 m
ALLSKY_SFC_SW_DWN,2020,APR,22.05,4,30,MJ/m^2/day,All-sky surface shortwave downward irradiance
PRECTOTCORR,2020,APR,1.71,4,30,mm/day,Corrected precipitation
RH2M,2020,APR,66.19,4,30,%,Relative humidity at 2 m
T2M,2020,APR,29.14,4,30,C,Temperature at 2 m
T2M_MAX,2020,APR,38.71,4,30,C,Temperature at 2 m maximum
T2M_MIN,2020,APR,23.25,4,30,C,Temperature at 2 m minimum
WS10M,2020,APR,1.72,4,30,m/s,Wind speed at 10 m
ALLSKY_SFC_SW_DWN,2020,MAY,19.56,5,31,MJ/m^2/day,All-sky surface shortwave downward irradiance
PRECTOTCORR,2020,MAY,3.86,5,31,mm/day,Corrected precipitation
RH2M,2020,MAY,79.18,5,31,%,Relative humidity at 2 m
T2M,2020,MAY,27.67,5,31,C,Temperature at 2 m
T2M_MAX,2020,MAY,36.22,5,31,C,Temperature at 2 m maximum
T2M_MIN,2020,MAY,23.39,5,31,C,Temperature at 2 m minimum
WS10M,2020,MAY,2.27,5,31,m/s,Wind speed at 10 m
ALLSKY_SFC_SW_DWN,2020,JUN,16.23,6,30,MJ/m^2/day,All-sky surface shortwave downward irradiance
PRECTOTCORR,2020,JUN,8.11,6,30,mm/day,Corrected precipitation
RH2M,2020,JUN,86.61,6,30,%,Relative humidity at 2 m
T2M,2020,JUN,25.24,6,30,C,Temperature at 2 m
T2M_MAX,2020,JUN,30.12,6,30,C,Temperature at 2 m maximum
T2M_MIN,2020,JUN,22.0,6,30,C,Temperature at 2 m minimum
WS10M,2020,JUN,2.87,6,30,m/s,Wind speed at 10 m
ALLSKY_SFC_SW_DWN,2020,JUL,15.71,7,31,MJ/m^2/day,All-sky surface shortwave downward irradiance
PRECTOTCORR,2020,JUL,13.13,7,31,mm/day,Corrected precipitation
RH2M,2020,JUL,91.21,7,31,%,Relative humidity at 2 m
T2M,2020,JUL,24.13,7,31,C,Temperature at 2 m
T2M_MAX,2020,JUL,28.3,7,31,C,Temperature at 2 m maximum
T2M_MIN,2020,JUL,21.71,7,31,C,Temperature at 2 m minimum
WS10M,2020,JUL,2.59,7,31,m/s,Wind speed at 10 m
ALLSKY_SFC_SW_DWN,2020,AUG,16.47,8,31,MJ/m^2/day,All-sky surface shortwave downward irradiance
PRECTOTCORR,2020,AUG,12.53,8,31,mm/day,Corrected precipitation
RH2M,2020,AUG,91.47,8,31,%,Relative humidity at 2 m
T2M,2020,AUG,24.35,8,31,C,Temperature at 2 m
T2M_MAX,2020,AUG,28.91,8,31,C,Temperature at 2 m maximum
T2M_MIN,2020,AUG,21.86,8,31,C,Temperature at 2 m minimum
WS10M,2020,AUG,2.89,8,31,m/s,Wind speed at 10 m
ALLSKY_SFC_SW_DWN,2020,SEP,14.59,9,30,MJ/m^2/day,All-sky surface shortwave downward irradiance
PRECTOTCORR,2020,SEP,11.8,9,30,mm/day,Corrected precipitation
RH2M,2020,SEP,90.79,9,30,%,Relative humidity at 2 m
T2M,2020,SEP,24.06,9,30,C,Temperature at 2 m
T2M_MAX,2020,SEP,29.61,9,30,C,Temperature at 2 m maximum
T2M_MIN,2020,SEP,20.67,9,30,C,Temperature at 2 m minimum
WS10M,2020,SEP,2.5,9,30,m/s,Wind speed at 10 m
ALLSKY_SFC_SW_DWN,2020,OCT,17.92,10,31,MJ/m^2/day,All-sky surface shortwave downward irradiance
PRECTOTCORR,2020,OCT,4.91,10,31,mm/day,Corrected precipitation
RH2M,2020,OCT,88.34,10,31,%,Relative humidity at 2 m
T2M,2020,OCT,24.31,10,31,C,Temperature at 2 m
T2M_MAX,2020,OCT,29.57,10,31,C,Temperature at 2 m maximum
T2M_MIN,2020,OCT,20.66,10,31,C,Temperature at 2 m minimum
WS10M,2020,OCT,2.18,10,31,m/s,Wind speed at 10 m
ALLSKY_SFC_SW_DWN,2020,NOV,17.4,11,30,MJ/m^2/day,All-sky surface shortwave downward irradiance
PRECTOTCORR,2020,NOV,5.18,11,30,mm/day,Corrected precipitation
RH2M,2020,NOV,83.95,11,30,%,Relative humidity at 2 m
T2M,2020,NOV,24.61,11,30,C,Temperature at 2 m
T2M_MAX,2020,NOV,29.72,11,30,C,Temperature at 2 m maximum
T2M_MIN,2020,NOV,17.33,11,30,C,Temperature at 2 m minimum
WS10M,2020,NOV,1.75,11,30,m/s,Wind speed at 10 m
ALLSKY_SFC_SW_DWN,2020,DEC,15.97,12,31,MJ/m^2/day,All-sky surface shortwave downward irradiance
PRECTOTCORR,2020,DEC,2.0,12,31,mm/day,Corrected precipitation
RH2M,2020,DEC,79.7,12,31,%,Relative humidity at 2 m
T2M,2020,DEC,23.8,12,31,C,Temperature at 2 m
T2M_MAX,2020,DEC,30.51,12,31,C,Temperature at 2 m maximum
T2M_MIN,2020,DEC,17.58,12,31,C,Temperature at 2 m minimum
WS10M,2020,DEC,2.28,12,31,m/s,Wind speed at 10 m
ALLSKY_SFC_SW_DWN,2021,JAN,17.06,1,31,MJ/m^2/day,All-sky surface shortwave downward irradiance
PRECTOTCORR,2021,JAN,3.47,1,31,mm/day,Corrected precipitation
RH2M,2021,JAN,78.44,1,31,%,Relative humidity at 2 m
T2M,2021,JAN,24.24,1,31,C,Temperature at 2 m
T2M_MAX,2021,JAN,31.7,1,31,C,Temperature at 2 m maximum
T2M_MIN,2021,JAN,17.69,1,31,C,Temperature at 2 m minimum
WS10M,2021,JAN,2.15,1,31,m/s,Wind speed at 10 m
ALLSKY_SFC_SW_DWN,2021,FEB,22.08,2,28,MJ/m^2/day,All-sky surface shortwave downward irradiance
PRECTOTCORR,2021,FEB,0.91,2,28,mm/day,Corrected precipitation
RH2M,2021,FEB,64.6,2,28,%,Relative humidity at 2 m
T2M,2021,FEB,25.49,2,28,C,Temperature at 2 m
T2M_MAX,2021,FEB,35.39,2,28,C,Temperature at 2 m maximum
T2M_MIN,2021,FEB,16.61,2,28,C,Temperature at 2 m minimum
WS10M,2021,FEB,2.06,2,28,m/s,Wind speed at 10 m
ALLSKY_SFC_SW_DWN,2021,MAR,23.61,3,31,MJ/m^2/day,All-sky surface shortwave downward irradiance
PRECTOTCORR,2021,MAR,1.63,3,31,mm/day,Corrected precipitation
RH2M,2021,MAR,62.91,3,31,%,Relative humidity at 2 m
T2M,2021,MAR,27.5,3,31,C,Temperature at 2 m
T2M_MAX,2021,MAR,36.11,3,31,C,Temperature at 2 m maximum
T2M_MIN,2021,MAR,19.34,3,31,C,Temperature at 2 m minimum
WS10M,2021,MAR,1.56,3,31,m/s,Wind speed at 10 m
ALLSKY_SFC_SW_DWN,2021,APR,20.35,4,30,MJ/m^2/day,All-sky surface shortwave downward irradiance
PRECTOTCORR,2021,APR,2.25,4,30,mm/day,Corrected precipitation
RH2M,2021,APR,73.7,4,30,%,Relative humidity at 2 m
T2M,2021,APR,27.66,4,30,C,Temperature at 2 m
T2M_MAX,2021,APR,37.44,4,30,C,Temperature at 2 m maximum
T2M_MIN,2021,APR,22.59,4,30,C,Temperature at 2 m minimum
WS10M,2021,APR,1.6,4,30,m/s,Wind speed at 10 m
ALLSKY_SFC_SW_DWN,2021,MAY,17.74,5,31,MJ/m^2/day,All-sky surface shortwave downward irradiance
PRECTOTCORR,2021,MAY,9.94,5,31,mm/day,Corrected precipitation
RH2M,2021,MAY,84.73,5,31,%,Relative humidity at 2 m
T2M,2021,MAY,26.15,5,31,C,Temperature at 2 m
T2M_MAX,2021,MAY,34.02,5,31,C,Temperature at 2 m maximum
T2M_MIN,2021,MAY,22.5,5,31,C,Temperature at 2 m minimum
WS10M,2021,MAY,2.09,5,31,m/s,Wind speed at 10 m
ALLSKY_SFC_SW_DWN,2021,JUN,17.76,6,30,MJ/m^2/day,All-sky surface shortwave downward irradiance
PRECTOTCORR,2021,JUN,8.28,6,30,mm/day,Corrected precipitation
RH2M,2021,JUN,88.58,6,30,%,Relative humidity at 2 m
T2M,2021,JUN,25.02,6,30,C,Temperature at 2 m
T2M_MAX,2021,JUN,29.67,6,30,C,Temperature at 2 m maximum
T2M_MIN,2021,JUN,21.13,6,30,C,Temperature at 2 m minimum
WS10M,2021,JUN,2.66,6,30,m/s,Wind speed at 10 m
ALLSKY_SFC_SW_DWN,2021,JUL,14.89,7,31,MJ/m^2/day,All-sky surface shortwave downward irradiance
PRECTOTCORR,2021,JUL,12.27,7,31,mm/day,Corrected precipitation
RH2M,2021,JUL,91.23,7,31,%,Relative humidity at 2 m
T2M,2021,JUL,24.33,7,31,C,Temperature at 2 m
T2M_MAX,2021,JUL,28.2,7,31,C,Temperature at 2 m maximum
T2M_MIN,2021,JUL,22.05,7,31,C,Temperature at 2 m minimum
WS10M,2021,JUL,3.16,7,31,m/s,Wind speed at 10 m
ALLSKY_SFC_SW_DWN,2021,AUG,16.13,8,31,MJ/m^2/day,All-sky surface shortwave downward irradiance
PRECTOTCORR,2021,AUG,8.44,8,31,mm/day,Corrected precipitation
RH2M,2021,AUG,90.49,8,31,%,Relative humidity at 2 m
T2M,2021,AUG,24.03,8,31,C,Temperature at 2 m
T2M_MAX,2021,AUG,28.51,8,31,C,Temperature at 2 m maximum
T2M_MIN,2021,AUG,20.41,8,31,C,Temperature at 2 m minimum
WS10M,2021,AUG,2.53,8,31,m/s,Wind speed at 10 m
ALLSKY_SFC_SW_DWN,2021,SEP,16.77,9,30,MJ/m^2/day,All-sky surface shortwave downward irradiance
PRECTOTCORR,2021,SEP,7.25,9,30,mm/day,Corrected precipitation
RH2M,2021,SEP,90.53,9,30,%,Relative humidity at 2 m
T2M,2021,SEP,24.34,9,30,C,Temperature at 2 m
T2M_MAX,2021,SEP,29.17,9,30,C,Temperature at 2 m maximum
T2M_MIN,2021,SEP,21.54,9,30,C,Temperature at 2 m minimum
WS10M,2021,SEP,2.41,9,30,m/s,Wind speed at 10 m
ALLSKY_SFC_SW_DWN,2021,OCT,14.59,10,31,MJ/m^2/day,All-sky surface shortwave downward irradiance
PRECTOTCORR,2021,OCT,13.33,10,31,mm/day,Corrected precipitation
RH2M,2021,OCT,90.38,10,31,%,Relative humidity at 2 m
T2M,2021,OCT,24.67,10,31,C,Temperature at 2 m
T2M_MAX,2021,OCT,28.85,10,31,C,Temperature at 2 m maximum
T2M_MIN,2021,OCT,22.11,10,31,C,Temperature at 2 m minimum
WS10M,2021,OCT,1.77,10,31,m/s,Wind speed at 10 m
ALLSKY_SFC_SW_DWN,2021,NOV,13.43,11,30,MJ/m^2/day,All-sky surface shortwave downward irradiance
PRECTOTCORR,2021,NOV,10.08,11,30,mm/day,Corrected precipitation
RH2M,2021,NOV,90.06,11,30,%,Relative humidity at 2 m
T2M,2021,NOV,24.09,11,30,C,Temperature at 2 m
T2M_MAX,2021,NOV,28.38,11,30,C,Temperature at 2 m maximum
T2M_MIN,2021,NOV,20.9,11,30,C,Temperature at 2 m minimum
WS10M,2021,NOV,1.75,11,30,m/s,Wind speed at 10 m
ALLSKY_SFC_SW_DWN,2021,DEC,18.05,12,31,MJ/m^2/day,All-sky surface shortwave downward irradiance
PRECTOTCORR,2021,DEC,1.05,12,31,mm/day,Corrected precipitation
RH2M,2021,DEC,83.45,12,31,%,Relative humidity at 2 m
T2M,2021,DEC,23.3,12,31,C,Temperature at 2 m
T2M_MAX,2021,DEC,28.65,12,31,C,Temperature at 2 m maximum
T2M_MIN,2021,DEC,16.59,12,31,C,Temperature at 2 m minimum
WS10M,2021,DEC,2.15,12,31,m/s,Wind speed at 10 m
ALLSKY_SFC_SW_DWN,2022,JAN,19.47,1,31,MJ/m^2/day,All-sky surface shortwave downward irradiance
PRECTOTCORR,2022,JAN,0.68,1,31,mm/day,Corrected precipitation
RH2M,2022,JAN,77.14,1,31,%,Relative humidity at 2 m
T2M,2022,JAN,24.16,1,31,C,Temperature at 2 m
T2M_MAX,2022,JAN,32.65,1,31,C,Temperature at 2 m maximum
T2M_MIN,2022,JAN,17.52,1,31,C,Temperature at 2 m minimum
WS10M,2022,JAN,2.04,1,31,m/s,Wind speed at 10 m
ALLSKY_SFC_SW_DWN,2022,FEB,20.98,2,28,MJ/m^2/day,All-sky surface shortwave downward irradiance
PRECTOTCORR,2022,FEB,0.15,2,28,mm/day,Corrected precipitation
RH2M,2022,FEB,63.71,2,28,%,Relative humidity at 2 m
T2M,2022,FEB,26.11,2,28,C,Temperature at 2 m
T2M_MAX,2022,FEB,35.61,2,28,C,Temperature at 2 m maximum
T2M_MIN,2022,FEB,18.78,2,28,C,Temperature at 2 m minimum
WS10M,2022,FEB,1.84,2,28,m/s,Wind speed at 10 m
ALLSKY_SFC_SW_DWN,2022,MAR,21.71,3,31,MJ/m^2/day,All-sky surface shortwave downward irradiance
PRECTOTCORR,2022,MAR,1.49,3,31,mm/day,Corrected precipitation
RH2M,2022,MAR,60.72,3,31,%,Relative humidity at 2 m
T2M,2022,MAR,27.92,3,31,C,Temperature at 2 m
T2M_MAX,2022,MAR,36.9,3,31,C,Temperature at 2 m maximum
T2M_MIN,2022,MAR,19.11,3,31,C,Temperature at 2 m minimum
WS10M,2022,MAR,1.9,3,31,m/s,Wind speed at 10 m
ALLSKY_SFC_SW_DWN,2022,APR,19.67,4,30,MJ/m^2/day,All-sky surface shortwave downward irradiance
PRECTOTCORR,2022,APR,4.63,4,30,mm/day,Corrected precipitation
RH2M,2022,APR,77.2,4,30,%,Relative humidity at 2 m
T2M,2022,APR,27.36,4,30,C,Temperature at 2 m
T2M_MAX,2022,APR,35.8,4,30,C,Temperature at 2 m maximum
T2M_MIN,2022,APR,22.29,4,30,C,Temperature at 2 m minimum
WS10M,2022,APR,1.58,4,30,m/s,Wind speed at 10 m
ALLSKY_SFC_SW_DWN,2022,MAY,15.42,5,31,MJ/m^2/day,All-sky surface shortwave downward irradiance
PRECTOTCORR,2022,MAY,9.08,5,31,mm/day,Corrected precipitation
RH2M,2022,MAY,86.17,5,31,%,Relative humidity at 2 m
T2M,2022,MAY,25.81,5,31,C,Temperature at 2 m
T2M_MAX,2022,MAY,33.35,5,31,C,Temperature at 2 m maximum
T2M_MIN,2022,MAY,22.08,5,31,C,Temperature at 2 m minimum
WS10M,2022,MAY,2.54,5,31,m/s,Wind speed at 10 m
ALLSKY_SFC_SW_DWN,2022,JUN,17.78,6,30,MJ/m^2/day,All-sky surface shortwave downward irradiance
PRECTOTCORR,2022,JUN,7.67,6,30,mm/day,Corrected precipitation
RH2M,2022,JUN,88.19,6,30,%,Relative humidity at 2 m
T2M,2022,JUN,24.71,6,30,C,Temperature at 2 m
T2M_MAX,2022,JUN,29.64,6,30,C,Temperature at 2 m maximum
T2M_MIN,2022,JUN,21.58,6,30,C,Temperature at 2 m minimum
WS10M,2022,JUN,2.28,6,30,m/s,Wind speed at 10 m
ALLSKY_SFC_SW_DWN,2022,JUL,14.51,7,31,MJ/m^2/day,All-sky surface shortwave downward irradiance
PRECTOTCORR,2022,JUL,14.71,7,31,mm/day,Corrected precipitation
RH2M,2022,JUL,91.19,7,31,%,Relative humidity at 2 m
T2M,2022,JUL,23.92,7,31,C,Temperature at 2 m
T2M_MAX,2022,JUL,29.58,7,31,C,Temperature at 2 m maximum
T2M_MIN,2022,JUL,21.34,7,31,C,Temperature at 2 m minimum
WS10M,2022,JUL,2.85,7,31,m/s,Wind speed at 10 m
ALLSKY_SFC_SW_DWN,2022,AUG,15.79,8,31,MJ/m^2/day,All-sky surface shortwave downward irradiance
PRECTOTCORR,2022,AUG,15.34,8,31,mm/day,Corrected precipitation
RH2M,2022,AUG,91.41,8,31,%,Relative humidity at 2 m
T2M,2022,AUG,23.85,8,31,C,Temperature at 2 m
T2M_MAX,2022,AUG,29.71,8,31,C,Temperature at 2 m maximum
T2M_MIN,2022,AUG,21.1,8,31,C,Temperature at 2 m minimum
WS10M,2022,AUG,2.88,8,31,m/s,Wind speed at 10 m
ALLSKY_SFC_SW_DWN,2022,SEP,18.69,9,30,MJ/m^2/day,All-sky surface shortwave downward irradiance
PRECTOTCORR,2022,SEP,6.46,9,30,mm/day,Corrected precipitation
RH2M,2022,SEP,89.97,9,30,%,Relative humidity at 2 m
T2M,2022,SEP,24.08,9,30,C,Temperature at 2 m
T2M_MAX,2022,SEP,29.11,9,30,C,Temperature at 2 m maximum
T2M_MIN,2022,SEP,20.82,9,30,C,Temperature at 2 m minimum
WS10M,2022,SEP,2.29,9,30,m/s,Wind speed at 10 m
ALLSKY_SFC_SW_DWN,2022,OCT,17.06,10,31,MJ/m^2/day,All-sky surface shortwave downward irradiance
PRECTOTCORR,2022,OCT,4.85,10,31,mm/day,Corrected precipitation
RH2M,2022,OCT,86.4,10,31,%,Relative humidity at 2 m
T2M,2022,OCT,24.29,10,31,C,Temperature at 2 m
T2M_MAX,2022,OCT,29.38,10,31,C,Temperature at 2 m maximum
T2M_MIN,2022,OCT,18.79,10,31,C,Temperature at 2 m minimum
WS10M,2022,OCT,1.66,10,31,m/s,Wind speed at 10 m
ALLSKY_SFC_SW_DWN,2022,NOV,15.4,11,30,MJ/m^2/day,All-sky surface shortwave downward irradiance
PRECTOTCORR,2022,NOV,4.45,11,30,mm/day,Corrected precipitation
RH2M,2022,NOV,83.81,11,30,%,Relative humidity at 2 m
T2M,2022,NOV,24.03,11,30,C,Temperature at 2 m
T2M_MAX,2022,NOV,29.13,11,30,C,Temperature at 2 m maximum
T2M_MIN,2022,NOV,17.56,11,30,C,Temperature at 2 m minimum
WS10M,2022,NOV,1.41,11,30,m/s,Wind speed at 10 m
ALLSKY_SFC_SW_DWN,2022,DEC,15.9,12,31,MJ/m^2/day,All-sky surface shortwave downward irradiance
PRECTOTCORR,2022,DEC,3.86,12,31,mm/day,Corrected precipitation
RH2M,2022,DEC,80.53,12,31,%,Relative humidity at 2 m
T2M,2022,DEC,23.79,12,31,C,Temperature at 2 m
T2M_MAX,2022,DEC,29.57,12,31,C,Temperature at 2 m maximum
T2M_MIN,2022,DEC,17.46,12,31,C,Temperature at 2 m minimum
WS10M,2022,DEC,1.93,12,31,m/s,Wind speed at 10 m
